-- MySQL dump 10.11
--
-- Host: localhost    Database: coach_prod
-- ------------------------------------------------------
-- Server version	5.0.51a-3ubuntu5.4

/*!40101 SET @OLD_CHARACTER_SET_CLIENT=@@CHARACTER_SET_CLIENT */;
/*!40101 SET @OLD_CHARACTER_SET_RESULTS=@@CHARACTER_SET_RESULTS */;
/*!40101 SET @OLD_COLLATION_CONNECTION=@@COLLATION_CONNECTION */;
/*!40101 SET NAMES utf8 */;
/*!40103 SET @OLD_TIME_ZONE=@@TIME_ZONE */;
/*!40103 SET TIME_ZONE='+00:00' */;
/*!40014 SET @OLD_UNIQUE_CHECKS=@@UNIQUE_CHECKS, UNIQUE_CHECKS=0 */;
/*!40014 SET @OLD_FOREIGN_KEY_CHECKS=@@FOREIGN_KEY_CHECKS, FOREIGN_KEY_CHECKS=0 */;
/*!40101 SET @OLD_SQL_MODE=@@SQL_MODE, SQL_MODE='NO_AUTO_VALUE_ON_ZERO' */;
/*!40111 SET @OLD_SQL_NOTES=@@SQL_NOTES, SQL_NOTES=0 */;

--
-- Table structure for table `DATABASECHANGELOG`
--

DROP TABLE IF EXISTS `DATABASECHANGELOG`;
SET @saved_cs_client     = @@character_set_client;
SET character_set_client = utf8;
CREATE TABLE `DATABASECHANGELOG` (
  `ID` varchar(63) NOT NULL,
  `AUTHOR` varchar(63) NOT NULL,
  `FILENAME` varchar(200) NOT NULL,
  `DATEEXECUTED` datetime NOT NULL,
  `MD5SUM` varchar(32) default NULL,
  `DESCRIPTION` varchar(255) default NULL,
  `COMMENTS` varchar(255) default NULL,
  `TAG` varchar(255) default NULL,
  `LIQUIBASE` varchar(10) default NULL,
  PRIMARY KEY  (`ID`,`AUTHOR`,`FILENAME`)
) ENGINE=MyISAM DEFAULT CHARSET=latin1;
SET character_set_client = @saved_cs_client;

--
-- Dumping data for table `DATABASECHANGELOG`
--

LOCK TABLES `DATABASECHANGELOG` WRITE;
/*!40000 ALTER TABLE `DATABASECHANGELOG` DISABLE KEYS */;
/*!40000 ALTER TABLE `DATABASECHANGELOG` ENABLE KEYS */;
UNLOCK TABLES;

--
-- Table structure for table `DATABASECHANGELOGLOCK`
--

DROP TABLE IF EXISTS `DATABASECHANGELOGLOCK`;
SET @saved_cs_client     = @@character_set_client;
SET character_set_client = utf8;
CREATE TABLE `DATABASECHANGELOGLOCK` (
  `ID` int(11) NOT NULL,
  `LOCKED` tinyint(1) NOT NULL,
  `LOCKGRANTED` datetime default NULL,
  `LOCKEDBY` varchar(255) default NULL,
  PRIMARY KEY  (`ID`)
) ENGINE=MyISAM DEFAULT CHARSET=latin1;
SET character_set_client = @saved_cs_client;

--
-- Dumping data for table `DATABASECHANGELOGLOCK`
--

LOCK TABLES `DATABASECHANGELOGLOCK` WRITE;
/*!40000 ALTER TABLE `DATABASECHANGELOGLOCK` DISABLE KEYS */;
INSERT INTO `DATABASECHANGELOGLOCK` VALUES (1,0,NULL,NULL);
/*!40000 ALTER TABLE `DATABASECHANGELOGLOCK` ENABLE KEYS */;
UNLOCK TABLES;

--
-- Table structure for table `JettySessionIds`
--

DROP TABLE IF EXISTS `JettySessionIds`;
SET @saved_cs_client     = @@character_set_client;
SET character_set_client = utf8;
CREATE TABLE `JettySessionIds` (
  `id` varchar(60) NOT NULL default '',
  PRIMARY KEY  (`id`)
) ENGINE=MyISAM DEFAULT CHARSET=latin1;
SET character_set_client = @saved_cs_client;

--
-- Dumping data for table `JettySessionIds`
--

LOCK TABLES `JettySessionIds` WRITE;
/*!40000 ALTER TABLE `JettySessionIds` DISABLE KEYS */;
INSERT INTO `JettySessionIds` VALUES ('summitbid_1110ccqepc8vlm'),('summitbid_111p8ofxgvzxxc'),('summitbid_114kuhzsfn14t9'),('summitbid_117r9vsl8qr3qj'),('summitbid_11acwc5violi8d'),('summitbid_11fp41tayxt5jd'),('summitbid_11gaa32u0875ig'),('summitbid_11hk6flk9dpvqo'),('summitbid_11iixzq3mls0i7'),('summitbid_11j5gn2b7wfbnm'),('summitbid_11s3k1vz6kf0h8'),('summitbid_11ss9qf8851au1'),('summitbid_11su79zokaukfv'),('summitbid_11t3fewttvtng8'),('summitbid_11v3za4epuhshy'),('summitbid_11y03l3q6d8ep0'),('summitbid_1294kuwpyvrxg'),('summitbid_16nw3frbycf6e'),('summitbid_1aa3rsx5id6m9'),('summitbid_1ah3yo8af3y24'),('summitbid_1cycitlq6wfkm'),('summitbid_1djc9dbss7vbe'),('summitbid_1f187r79mtcyr'),('summitbid_1ow4uzxx5cm8n');
/*!40000 ALTER TABLE `JettySessionIds` ENABLE KEYS */;
UNLOCK TABLES;

--
-- Table structure for table `JettySessions`
--

DROP TABLE IF EXISTS `JettySessions`;
SET @saved_cs_client     = @@character_set_client;
SET character_set_client = utf8;
CREATE TABLE `JettySessions` (
  `rowId` varchar(60) NOT NULL default '',
  `sessionId` varchar(60) default NULL,
  `contextPath` varchar(60) default NULL,
  `virtualHost` varchar(60) default NULL,
  `lastNode` varchar(60) default NULL,
  `accessTime` bigint(20) default NULL,
  `lastAccessTime` bigint(20) default NULL,
  `createTime` bigint(20) default NULL,
  `cookieTime` bigint(20) default NULL,
  `lastSavedTime` bigint(20) default NULL,
  `expiryTime` bigint(20) default NULL,
  `map` blob,
  PRIMARY KEY  (`rowId`),
  KEY `idx_JettySessions_expiry` (`expiryTime`),
  KEY `idx_JettySessions_session` (`sessionId`,`contextPath`)
) ENGINE=MyISAM DEFAULT CHARSET=latin1;
SET character_set_client = @saved_cs_client;

--
-- Dumping data for table `JettySessions`
--

LOCK TABLES `JettySessions` WRITE;
/*!40000 ALTER TABLE `JettySessions` DISABLE KEYS */;
INSERT INTO `JettySessions` VALUES ('_0.0.0.0_summitbid_11s3k1vz6kf0h8','summitbid_11s3k1vz6kf0h8','','0.0.0.0','summitbid_1',1242003166183,0,1242003166183,0,1242003166190,1242004966183,'¨Ì\0sr\0&java.util.concurrent.ConcurrentHashMapdôﬁùá)=\0I\0segmentMaskI\0segmentShift[\0segmentst\01[Ljava/util/concurrent/ConcurrentHashMap$Segment;xp\0\0\0\0\0\0ur\01[Ljava.util.concurrent.ConcurrentHashMap$Segment;Rw?A2õ9t\0\0xp\0\0\0sr\0.java.util.concurrent.ConcurrentHashMap$Segment6LêXì)=\0F\0\nloadFactorxr\0(java.util.concurrent.locks.ReentrantLockfU®,,»jÎ\0L\0synct\0/Ljava/util/concurrent/locks/ReentrantLock$Sync;xpsr\04java.util.concurrent.locks.ReentrantLock$NonfairSynceà2ÁS{ø\0\0xr\0-java.util.concurrent.locks.ReentrantLock$Sync∏¢î™DZ|\0\0xr\05java.util.concurrent.locks.AbstractQueuedSynchronizerfU®Cu?R„\0I\0statexp\0\0\0\0?@\0\0sq\0~\0sq\0~\0	\0\0\0\0?@\0\0sq\0~\0sq\0~\0	\0\0\0\0?@\0\0sq\0~\0sq\0~\0	\0\0\0\0?@\0\0sq\0~\0sq\0~\0	\0\0\0\0?@\0\0sq\0~\0sq\0~\0	\0\0\0\0?@\0\0sq\0~\0sq\0~\0	\0\0\0\0?@\0\0sq\0~\0sq\0~\0	\0\0\0\0?@\0\0sq\0~\0sq\0~\0	\0\0\0\0?@\0\0sq\0~\0sq\0~\0	\0\0\0\0?@\0\0sq\0~\0sq\0~\0	\0\0\0\0?@\0\0sq\0~\0sq\0~\0	\0\0\0\0?@\0\0sq\0~\0sq\0~\0	\0\0\0\0?@\0\0sq\0~\0sq\0~\0	\0\0\0\0?@\0\0sq\0~\0sq\0~\0	\0\0\0\0?@\0\0sq\0~\0sq\0~\0	\0\0\0\0?@\0\0ppx');
/*!40000 ALTER TABLE `JettySessions` ENABLE KEYS */;
UNLOCK TABLES;

--
-- Table structure for table `athlete`
--

DROP TABLE IF EXISTS `athlete`;
SET @saved_cs_client     = @@character_set_client;
SET character_set_client = utf8;
CREATE TABLE `athlete` (
  `id` bigint(20) NOT NULL auto_increment,
  `version` bigint(20) NOT NULL,
  `created_at` datetime NOT NULL,
  `date_of_birth` datetime NOT NULL,
  `email_address` varchar(255) NOT NULL,
  `gender` varchar(1) NOT NULL,
  `login` varchar(255) NOT NULL,
  `name` varchar(255) NOT NULL,
  `password` varchar(255) NOT NULL,
  `postal_address` varchar(255) NOT NULL,
  PRIMARY KEY  (`id`),
  UNIQUE KEY `login` (`login`)
) ENGINE=MyISAM AUTO_INCREMENT=4 DEFAULT CHARSET=latin1;
SET character_set_client = @saved_cs_client;

--
-- Dumping data for table `athlete`
--

LOCK TABLES `athlete` WRITE;
/*!40000 ALTER TABLE `athlete` DISABLE KEYS */;
INSERT INTO `athlete` VALUES (1,0,'2008-02-10 02:47:00','1963-10-28 08:10:00','ejy@summitbid.com','M','edderd','ed','gr00vy','3021 S. Xeric Ct. Denver, CO 80231'),(2,0,'2008-02-14 16:10:00','2000-11-02 10:10:00','aidan@summitbid.com','M','aidan','Aidan','aidan','3021 South Xeric Ct.'),(3,0,'2008-02-14 16:11:00','2004-06-24 09:15:00','luka@summitbid.com','M','luka','Luka','luka','3021 South Xeric Ct.');
/*!40000 ALTER TABLE `athlete` ENABLE KEYS */;
UNLOCK TABLES;

--
-- Table structure for table `athlete_ref`
--

DROP TABLE IF EXISTS `athlete_ref`;
SET @saved_cs_client     = @@character_set_client;
SET character_set_client = utf8;
CREATE TABLE `athlete_ref` (
  `id` bigint(20) NOT NULL auto_increment,
  `version` bigint(20) NOT NULL,
  `athlete_id` bigint(20) NOT NULL,
  `class_period_id` bigint(20) default NULL,
  PRIMARY KEY  (`id`),
  KEY `FKD53EBA1330B03D3A` (`athlete_id`),
  KEY `FKD53EBA13BA417F8B` (`class_period_id`)
) ENGINE=MyISAM DEFAULT CHARSET=latin1;
SET character_set_client = @saved_cs_client;

--
-- Dumping data for table `athlete_ref`
--

LOCK TABLES `athlete_ref` WRITE;
/*!40000 ALTER TABLE `athlete_ref` DISABLE KEYS */;
/*!40000 ALTER TABLE `athlete_ref` ENABLE KEYS */;
UNLOCK TABLES;

--
-- Table structure for table `auth_user`
--

DROP TABLE IF EXISTS `auth_user`;
SET @saved_cs_client     = @@character_set_client;
SET character_set_client = utf8;
CREATE TABLE `auth_user` (
  `id` bigint(20) NOT NULL auto_increment,
  `version` bigint(20) NOT NULL,
  `description` varchar(255) NOT NULL,
  `email` varchar(255) NOT NULL,
  `email_show` bit(1) NOT NULL,
  `enabled` bit(1) NOT NULL,
  `passwd` varchar(255) NOT NULL,
  `user_real_name` varchar(255) NOT NULL,
  `username` varchar(255) NOT NULL,
  `last_updated_workout_id` bigint(20) default NULL,
  `last_updated_meal_id` bigint(20) default NULL,
  PRIMARY KEY  (`id`),
  UNIQUE KEY `username` (`username`)
) ENGINE=MyISAM AUTO_INCREMENT=25 DEFAULT CHARSET=latin1;
SET character_set_client = @saved_cs_client;

--
-- Dumping data for table `auth_user`
--

LOCK TABLES `auth_user` WRITE;
/*!40000 ALTER TABLE `auth_user` DISABLE KEYS */;
INSERT INTO `auth_user` VALUES (1,289,'','ejy@SummitBid.com','\0','','e9c4bb7e20067b5707c2c1c7375f549e','Ed Young','ed',132,258),(6,3,'','aidan@summitbid.com','','','3f75f31f946bc04d8f781fb155d2b17e','aidan','aidan',NULL,NULL),(8,1,'','Alan.McQueen@dcsdk12.org','','','eaad5f30ece302b762fb70672a1728f4','Alan McQueen','alan',NULL,NULL),(13,2,'','daddyconan@yahoo.com','','','15c6d8e89899b0dc606d2498d102bd71','Mike McDanial','daddyconan',59,NULL),(14,1,'','gramos112@gmail.com','','','a0dc6df8f07627f1f63b1b9394dcd200','George Ramos','AbrahamRa',NULL,NULL),(16,0,'','ejy@summitbid.com','\0','\0','Mklrxttt','Ed Young','admin',NULL,NULL),(19,1,'','tester@tester.org','','','6e7906b7fb3f8e1c6366c0910050e595','test user','testUser2',NULL,NULL),(21,1,'','steve@myplaceinparadise.com','','','a3008d84bf5e4bed76f649bafef365d8','Steve','happyguy',NULL,NULL),(23,1,'','test@tester.org','','','098f6bcd4621d373cade4e832627b4f6','test','test',NULL,NULL),(24,1,'','test@tester.org','','','ad0234829205b9033196ba818f7a872b','test2','test2',NULL,NULL);
/*!40000 ALTER TABLE `auth_user` ENABLE KEYS */;
UNLOCK TABLES;

--
-- Table structure for table `auth_user_meal`
--

DROP TABLE IF EXISTS `auth_user_meal`;
SET @saved_cs_client     = @@character_set_client;
SET character_set_client = utf8;
CREATE TABLE `auth_user_meal` (
  `auth_user_meals_id` bigint(20) default NULL,
  `meal_id` bigint(20) default NULL,
  KEY `FK4BCD6DE0380EAAFA` (`meal_id`),
  KEY `FK4BCD6DE0312C3FA` (`auth_user_meals_id`)
) ENGINE=MyISAM DEFAULT CHARSET=latin1;
SET character_set_client = @saved_cs_client;

--
-- Dumping data for table `auth_user_meal`
--

LOCK TABLES `auth_user_meal` WRITE;
/*!40000 ALTER TABLE `auth_user_meal` DISABLE KEYS */;
/*!40000 ALTER TABLE `auth_user_meal` ENABLE KEYS */;
UNLOCK TABLES;

--
-- Table structure for table `bio_metrics`
--

DROP TABLE IF EXISTS `bio_metrics`;
SET @saved_cs_client     = @@character_set_client;
SET character_set_client = utf8;
CREATE TABLE `bio_metrics` (
  `id` bigint(20) NOT NULL auto_increment,
  `version` bigint(20) NOT NULL,
  `athlete_id` bigint(20) default NULL,
  `bicep` int(11) NOT NULL,
  `chest` int(11) NOT NULL,
  `date` datetime NOT NULL,
  `height` int(11) NOT NULL,
  `thigh` int(11) NOT NULL,
  `waist` int(11) NOT NULL,
  `weight` int(11) NOT NULL,
  `body_fat_percentage` int(11) NOT NULL,
  PRIMARY KEY  (`id`),
  KEY `FK40E05C8C30B03D3A` (`athlete_id`),
  KEY `FK40E05C8C4F96694E` (`athlete_id`)
) ENGINE=MyISAM AUTO_INCREMENT=5 DEFAULT CHARSET=latin1;
SET character_set_client = @saved_cs_client;

--
-- Dumping data for table `bio_metrics`
--

LOCK TABLES `bio_metrics` WRITE;
/*!40000 ALTER TABLE `bio_metrics` DISABLE KEYS */;
INSERT INTO `bio_metrics` VALUES (1,0,1,20,45,'2008-02-14 16:12:00',66,30,36,199,0),(2,0,1,15,42,'2008-02-19 06:43:00',66,20,36,195,0),(3,0,1,20,45,'2009-04-24 13:17:00',66,30,36,197,0),(4,1,1,0,0,'2009-05-10 00:00:00',0,0,0,197,41);
/*!40000 ALTER TABLE `bio_metrics` ENABLE KEYS */;
UNLOCK TABLES;

--
-- Table structure for table `class_period`
--

DROP TABLE IF EXISTS `class_period`;
SET @saved_cs_client     = @@character_set_client;
SET character_set_client = utf8;
CREATE TABLE `class_period` (
  `id` bigint(20) NOT NULL auto_increment,
  `version` bigint(20) NOT NULL,
  `end_date` datetime default NULL,
  `location` varchar(255) NOT NULL,
  `max_athletes` int(11) NOT NULL,
  `name` varchar(255) NOT NULL,
  `start_date` datetime default NULL,
  `start_time` datetime default NULL,
  PRIMARY KEY  (`id`)
) ENGINE=MyISAM DEFAULT CHARSET=latin1;
SET character_set_client = @saved_cs_client;

--
-- Dumping data for table `class_period`
--

LOCK TABLES `class_period` WRITE;
/*!40000 ALTER TABLE `class_period` DISABLE KEYS */;
/*!40000 ALTER TABLE `class_period` ENABLE KEYS */;
UNLOCK TABLES;

--
-- Table structure for table `class_period_athlete`
--

DROP TABLE IF EXISTS `class_period_athlete`;
SET @saved_cs_client     = @@character_set_client;
SET character_set_client = utf8;
CREATE TABLE `class_period_athlete` (
  `class_period_athletes_id` bigint(20) default NULL,
  `athlete_id` bigint(20) default NULL,
  KEY `FK5FE03AE830B03D3A` (`athlete_id`),
  KEY `FK5FE03AE8DECEF888` (`class_period_athletes_id`)
) ENGINE=MyISAM DEFAULT CHARSET=latin1;
SET character_set_client = @saved_cs_client;

--
-- Dumping data for table `class_period_athlete`
--

LOCK TABLES `class_period_athlete` WRITE;
/*!40000 ALTER TABLE `class_period_athlete` DISABLE KEYS */;
/*!40000 ALTER TABLE `class_period_athlete` ENABLE KEYS */;
UNLOCK TABLES;

--
-- Table structure for table `class_period_auth_user`
--

DROP TABLE IF EXISTS `class_period_auth_user`;
SET @saved_cs_client     = @@character_set_client;
SET character_set_client = utf8;
CREATE TABLE `class_period_auth_user` (
  `class_period_athletes_id` bigint(20) default NULL,
  `auth_user_id` bigint(20) default NULL,
  KEY `FKC441DAEBC0EDD82B` (`auth_user_id`),
  KEY `FKC441DAEBDECEF888` (`class_period_athletes_id`)
) ENGINE=MyISAM DEFAULT CHARSET=latin1;
SET character_set_client = @saved_cs_client;

--
-- Dumping data for table `class_period_auth_user`
--

LOCK TABLES `class_period_auth_user` WRITE;
/*!40000 ALTER TABLE `class_period_auth_user` DISABLE KEYS */;
/*!40000 ALTER TABLE `class_period_auth_user` ENABLE KEYS */;
UNLOCK TABLES;

--
-- Table structure for table `course`
--

DROP TABLE IF EXISTS `course`;
SET @saved_cs_client     = @@character_set_client;
SET character_set_client = utf8;
CREATE TABLE `course` (
  `id` bigint(20) NOT NULL auto_increment,
  `version` bigint(20) NOT NULL,
  `base_elevation` int(11) NOT NULL,
  `description` varchar(255) NOT NULL,
  `distance` float NOT NULL,
  `location` varchar(255) NOT NULL,
  `name` varchar(255) default NULL,
  `map` varchar(255) default NULL,
  `profile` varchar(255) default NULL,
  `max_elevation` int(11) default NULL,
  PRIMARY KEY  (`id`)
) ENGINE=MyISAM AUTO_INCREMENT=50 DEFAULT CHARSET=latin1;
SET character_set_client = @saved_cs_client;

--
-- Dumping data for table `course`
--

LOCK TABLES `course` WRITE;
/*!40000 ALTER TABLE `course` DISABLE KEYS */;
INSERT INTO `course` VALUES (1,6,0,'none',0,'none','none','summitbid_logo.gif',NULL,NULL),(31,0,5200,'Rode from CMC up Sunset route to Platte, REI, CC to home.',27,'denver','CMC to Home via Sunset, Platte, CC','Commute CMC to Home via Platte and Cherry Creek 6-9-2008.png','Commute CMC to Home via Platte and Cherry Creek 6-9-2008, Elevation - Distance.png',5600),(2,3,5500,'Home, Tamarac, Rosemary Way, Princeton, Quincy, HLC, CMC',15,'Denver/Greenwood Village/Centennial','Home to CMC via Tamarac, Quincy, HLC','Commuting - Home to CMC via Tamarac, Quincy, Highline 8-21-2007.jpg','Profile Home to CMC via DTC, Rosemary Way, Princeton, Quincy, HLC 8-21-2007, Elevation - Time.png',5680),(4,2,5555,'View of trail from CMC to Platte via Lee gulch',3,'centennial ','Lee Gulch ','','',5666),(5,2,6300,'Great hike for kids. Start at parking lot and approach to Morrison Slide trail and go up. The climb is short and once at the top it\'s beautiful. Traverse the top and head down the steep and then return on Red Rocks trail. ',5,'Morrison Colorado','Mathews-Winters Morrison Slide','My Activities - Mathews Winters open space park 8-11-2007-2.jpg','My Activities - Mathews Winters open space park 8-11-2007, Elevation - Distance.jpg',6800),(18,1,5550,'I tried to stay off the road and caused myself alot of grief. I should have just gotten on the right traffic lane and dealt with it. Instead I was haveing to wait for traffic and lights in the left lane and sidewalk all the time. ',6.43,'Greenwood Village/Centennial','Village to CMC via Orchard','Village to CMC direct via Orchard 5-12-2008.png','Village to CMC direct via Orchard 5-12-2008, Elevation - Time.png',5720),(7,0,5555,'Rode out and returned on some access road instead of the C470 trail',18,'Centennial','CMC to Chatfield RT with alt return','CMC to Chatfield and back-lunchtime- 9-14-2007.jpg',NULL,NULL),(8,0,5555,'8.5 mile loop',9,'centennial','CMC to CMC loop via HLC and CO blvd','Cycling - CMC to CMC loop via HL and CO 10-9-2007.jpg',NULL,NULL),(9,0,5555,'Detail of roads where Big Dry Creek meets the Platte trail',10,'Centennial','Detail of Platte turn off to Big Dry Creek trail','Road - E Turn off of Platte toward Big Dry Creek 10-24-2007.jpg',NULL,NULL),(10,0,5555,'CMC RT: CMC, 470, Platte, Big Dry Creek, misc roads, Colorado Blvd CMC',20,'Littleton','CMC RT: CMC, 470, Platte, Big Dry Creek, misc roads, Colorado Blvd CMC','Road - CMC RT to 470 to Platte to Big Dry Creek to Highline misc roads 10-24-2007.jpg',NULL,NULL),(11,0,5555,'CMC to HLC, Sunset, Sherman, Centennial, Lehow, Big Dry Creek, Platte',10,'Littleton','Detail of Sunset to Platte route','Commute-Highline at Sunset to Platte via Sherman-Centennial-Lehow-BigDry Creek.jpg',NULL,NULL),(12,0,5555,'CMC RT: Sunset, Platte, south to Lee Gulch, CMC',20,'Centennial','CMC RT: Sunset, Platte, south to Lee Gulch, CMC','Bike Path - CMC to Sunset to N. Big Dry Creek to Centennial to Platte to Lee Gulch to HL to Ralph Schomp  RT 7-13-2007.jpg',NULL,NULL),(13,0,5555,'CMC to Village via HLC, Quincy, DTC, CCH, Village',14,'Greenwood Village/Centennial','CMC to Village via HLC, Quincy, DTC, CCH, Village','CMC to Village via HLC, Quincy, DTC, CCHS. 4-18-2008.png',NULL,NULL),(14,0,5555,'Village to CMC via Belleview, Holly',7,'Greenwood Village/Centennial','Village to CMC via Belleview, Holly','Village to CMC via Belleview, Holly. 4-18-2008.png',NULL,NULL),(15,0,5555,'Belleview and Sante Fe to CMC via Lee Gulch',9,'Littleton','Belleview and Sante Fe to CMC via Lee Gulch','Commuting Belleview and Sante Fe to CMC via Platte, Lee Gulch 4-14-2008.png',NULL,NULL),(16,3,5300,'Took a detour to look for Dave D\'s office.',20,'Centennial','CMC RT: Chatfield res','Road CMC to Chatfield RT 4-15-2008.png','Profile Road CMC to Chatfield RT 4-15-2008, Elevation - Time.png',5800),(17,0,5555,'Home to CMC via Tamarac, Rosemary Way, Princeton, Quincy, Holly, Dry Creek, CMC',8,'Denver to Centennial','Home to CMC via Tamarac, Rosemary Way, Princeton, Quincy, Holly, Dry Creek, CMC','Home to CMC via DTC, Rosemary Way, Princeton, Quincy, Holly, Dry Creek 3-26-2008.png',NULL,NULL),(19,3,5500,'Sucks. Riding along Belleview is a nightmare. 8.04 miles ',8.04,'Centennial/GreenwoodVillage','Commute CMC to Village via Dexter/Belleview','Commuting CMC to Village via Dexter-Belleview 4-24-2008.png','Profile CMC to Village via Dexter-Belleview Elevation-Time 4-24-2008.png',NULL),(20,2,5300,'CMC to Kipling/Kentucky',16.5,'Centennial/Lakewood','CMC to Gordon\'s old house','Road CMC to Gordon\'s house and back 9-7-2007.png','Profile CMC to Gordon\'s House and Back 9-7-2007, Elevation - Time.png',NULL),(30,0,5250,'parked at Slaven Elementary and rode down the Platte to C470 to Kipling and then up Deer Creek.',26,'Deer Creek','Deer Creek from Slaven Elementary','Denver to Deer Creek Canyon 6-8-2008.png','Denver to Deer Creek Canyon 6-8-2008, Elevation - Distance.png',7400),(21,4,5260,'Rode from home to Redrocks park. Route was was west on Dartmouth, south on Platte, west on Bear Creek to Kipling. Then north on Kipling to Jewel and then over the Hogback and across highway 8 to RedRocks park. Lots of activity at Redrocks. ',50,'Denver to Morrison','Home to Redrocks and back','Home to Red Rocks and back 4-27-2008.png','Home to Red Rocks and back 4-27-2008, Elevation - Time.png',6486),(22,2,5280,'along Cherry Creek bike path mostly',14,'Denver','Home to Wash Park','Home to Wash Park and back 5-11-2008.png','Home to Wash Park and back 5-11-2008, Elevation - Distance.png',5540),(23,2,5460,'CMC to Village direct, then rode around Cherry Creek res. Stopped at Bicycle Village',16.5,'Centennial, Denver','CMC to Village, Cherry Creek Res to home','CMC to Village then around the CC Reservior 5-9-2008.png','CMC to Village then rode around the CC Reservior 5-9-2008, Elevation - Distance.png',5720),(24,0,5480,'Home to CC path to CC Dam path, to Village',11.5,'Greenwood Village/Centennial','Home to Village Then CMC via CC Dam Bike path, Orchard','Home to Village and then To CMC 5-9-2008.png','Home to Village and then To CMC 5-9-2008, Elevation - Distance.png',5720),(25,0,5680,'half mile walk around CMC',0.5,'Comcast CMC, Centennial','walk around CMC','Walk around CMC 5-21-2008.png','',5700),(26,0,5540,'Village to CMC via DTC, Orchard, Holly neighborhood.',6.1,'Greenwood Village/Centennial','Village to CMC via DTC, Orchard, Holly ','Commute Village to CMC 5-21-2008.png','Commute Village to CMC 5-21-2008, Elevation - Distance.png',5720),(27,1,5500,'pulled luka via 225 bike path',5.5,'denver','Home to Village via i225 bike path','Pulled Luka in trailer to Village 5-22-2008.png','Pulled Luka in trailer to Village 5-22-2008, Elevation - Distance.png',5680),(28,2,5480,'was on the way to pick up luka and got a flat. Jay martin picked him up and I rode to his house. Had pizza',14.5,'Centennial/Denver','cmc to Jay Martin\'s house','Commute CMC to Jay Martin\'s House 5-21-2008.png','Commute CMC to Jay Martin\'s House 5-21-2008, Elevation - Distance.png',5660),(29,0,2000,'On Charlotte side of the Continental divide',4,'China Creek, NC','China Creek, NC','MTB-China Creek-NC-6-1-2008.png','MTB-China Creek-NC 6-1-2008, Elevation - Distance.png',3750),(32,1,6050,'From parking lot to the Gazebo',2.6,'Mt. Falcon/Jeffco','Mt Falcon Gazebo Grunt','Mt Falcon Gazebo Grunt 6-11-2008.png','Mt Falcon Gazebo Grunt 6-11-2008, Elevation - Distance.png',7500),(33,1,7250,'Loop up top of Mt. Falcon. In this ride I started the GPS at the Parmalee Trail trailhead below the upper parking lot, and then stopped at the gazebo before the final descent.',4.6,'Mt. Falcon/Jeffco','Parmalee Trail','Parmalee Trail 6-11-2008.png','Parmalee Trail 6-11-2008, Elevation - Distance.png',7750),(34,0,6050,'from Gazebo to parking lot',2.6,'Mt. Falcon/Jeffco','Mt Falcon Descent','Mt Falcon Descent 6-11-2008.png','Mt Falcon Descent 6-11-2008, Elevation - Distance.png',7500),(35,2,5500,'wrong turn at Twin Forks. I turned north and went to Tiny Town. Instead I should have turned south. I ended up riding down the shoulder of 285 and then on the C470 trail back to Kipling. Could have been  worse I guess. ',43,'Jeffco','Highgrade wwrong turn at Twin Forks','HighGrade loop with Wrong Turn 6-15-2008.png','HighGrade loop with Wrong Turn 6-15-2008, Elevation - Distance.png',8500),(36,0,5200,'with Harvey Gish and Daryll Loud',49,'Denver','Cappucino Loop','Cappucino Loop Shortcutted at Big Dry Creek off of Platte 6-14-2008.png','Cappucino Loop Shortcutted at Big Dry Creek off of Platte 6-14-2008, Elevation - Distance.png',5500),(37,0,6100,'Rode up to Red Mesa and did two CW loops, then CCW around Plymouth Mt and down to the parking lot.',11.46,'Jeffco','Deer Creek Red Mesa Double, Plymouth Mt','Deer Creek Red Mesa Plymouth Mt 6-18-2008 - Medium.png','Deer Creek Red Mesa Plymouth Mt 6-18-2008, Elevation - Distance.png',7450),(38,0,5500,'long path except for shortcuts at Colorado.',20,'Denver/Centennial','CMC to Home via HLC longpath','CMC to Home via HLC with shortcuts 3-26-2008.png','',5600),(39,1,5500,'Complicated route down South Yosemite and through neighborhoods. Goes over Englewood dam',6.67,'Greenwood Village/Centennial','Village to CMC via S. Yosemite','commute village to cmc via s. Yosemite route 6-20-2008.png','commute village to cmc via s. Yosemite route 6-20-2008, Elevation - Distance.png',5600),(40,0,5500,'Click here to enter description',5.56,'Denver/Greenwood Village','Home to Village via 225 bike path','Commute Home to Village pulling kids in trailer 6-20-2008.png','Commute Home to Village pulling kids in trailer 6-20-2008, Elevation - Distance.png',4600),(41,1,5500,'view of street names',6.67,'Greenwood Village/Centennial','Village to CMC via S. Yosemite DETAIL','commute village to cmc via s. Yosemite route - detail 6-20-2008','',5600),(42,0,5460,'Click here to enter description',4,'Denver','Home to CC Res Beach','Riding with Kids-Home to CC Res beach. 6-21-2008.png','Riding with Kids-Home to CC Res beach. 6-21-2008, Elevation - Distance.png',5660),(43,2,5550,'40 miles. Up Deer Creek and Highgrade, Conifer, Aspen Park, right at N Turkey Creek, right at Twin Forks, left at the firestation to return on Deer Creek',40,'Jeffco','Highgrade loop ','Highgrade loop 7-2-2008.png','Highgrade loop 7-2-2008, Elevation - Distance.png',8550),(44,2,7000,'about 35 miles up. I rode to mile 8 (out of 14) but got turned back because of the  Hailstorm from Hell. ',35,'Jeffco','Evergreen to Mt. Evans','Mt. Evans Ascent from Evergreen 7-6-2008.png','Mt. Evans Ascent from Evergreen 7-6-2008, Elevation - Distance.png',14277),(46,1,7833,'Evergreen to Avon: 120 miles',120,'Evergree to Avon Colorado','Triple Bypass 2008','Triple Bypass 2008 7-12-2008.png','Triple Bypass 2008 7-12-2008, Elevation - Distance.png',12000),(47,3,5150,'rode down Wads, down Little Dry Creek. Then down Pecos, but had to turn back due to a stopped coal train. The rest of the ride was first through nasty industrial and scary part of Platte trail, then Cherry Creek path to home.',30,'Broomfield/Denver','Bike from Vidiom home','Vidiom to home via nasty industrial part of Denver 9-11-2008.png','Vidiom to home via nasty industrial part of Denver 9-11-2008, Elevation - Distance.png',5500),(48,0,5100,'Click here to enter description',30,'Golden/Denver','Gordons house to Lowry','Gordon\'s house to Logan School via Clear Creek and Sand Creek 9-7-2008.png','Gordon\'s house to Logan School via Clear Creek and Sand Creek 9-7-2008, Elevation - Distance.png',5600),(49,0,33323,'test',85,'denver','test image display','Denver to Deer Creek Canyon 6-8-2008.png','',3333);
/*!40000 ALTER TABLE `course` ENABLE KEYS */;
UNLOCK TABLES;

--
-- Table structure for table `databasechangelog`
--

DROP TABLE IF EXISTS `databasechangelog`;
SET @saved_cs_client     = @@character_set_client;
SET character_set_client = utf8;
CREATE TABLE `databasechangelog` (
  `ID` varchar(63) NOT NULL,
  `AUTHOR` varchar(63) NOT NULL,
  `FILENAME` varchar(200) NOT NULL,
  `DATEEXECUTED` datetime NOT NULL,
  `MD5SUM` varchar(32) default NULL,
  `DESCRIPTION` varchar(255) default NULL,
  `COMMENTS` varchar(255) default NULL,
  `TAG` varchar(255) default NULL,
  `LIQUIBASE` varchar(10) default NULL,
  PRIMARY KEY  (`ID`,`AUTHOR`,`FILENAME`)
) ENGINE=MyISAM DEFAULT CHARSET=latin1;
SET character_set_client = @saved_cs_client;

--
-- Dumping data for table `databasechangelog`
--

LOCK TABLES `databasechangelog` WRITE;
/*!40000 ALTER TABLE `databasechangelog` DISABLE KEYS */;
/*!40000 ALTER TABLE `databasechangelog` ENABLE KEYS */;
UNLOCK TABLES;

--
-- Table structure for table `databasechangeloglock`
--

DROP TABLE IF EXISTS `databasechangeloglock`;
SET @saved_cs_client     = @@character_set_client;
SET character_set_client = utf8;
CREATE TABLE `databasechangeloglock` (
  `ID` int(11) NOT NULL,
  `LOCKED` tinyint(1) NOT NULL,
  `LOCKGRANTED` datetime default NULL,
  `LOCKEDBY` varchar(255) default NULL,
  PRIMARY KEY  (`ID`)
) ENGINE=MyISAM DEFAULT CHARSET=latin1;
SET character_set_client = @saved_cs_client;

--
-- Dumping data for table `databasechangeloglock`
--

LOCK TABLES `databasechangeloglock` WRITE;
/*!40000 ALTER TABLE `databasechangeloglock` DISABLE KEYS */;
INSERT INTO `databasechangeloglock` VALUES (1,0,NULL,NULL);
/*!40000 ALTER TABLE `databasechangeloglock` ENABLE KEYS */;
UNLOCK TABLES;

--
-- Table structure for table `devel_issue`
--

DROP TABLE IF EXISTS `devel_issue`;
SET @saved_cs_client     = @@character_set_client;
SET character_set_client = utf8;
CREATE TABLE `devel_issue` (
  `id` bigint(20) NOT NULL auto_increment,
  `version` bigint(20) NOT NULL,
  `description` varchar(255) NOT NULL,
  `domain` varchar(255) NOT NULL,
  `name` varchar(255) NOT NULL,
  `severity` int(11) NOT NULL,
  `status` varchar(255) NOT NULL,
  PRIMARY KEY  (`id`)
) ENGINE=MyISAM AUTO_INCREMENT=47 DEFAULT CHARSET=latin1;
SET character_set_client = @saved_cs_client;

--
-- Dumping data for table `devel_issue`
--

LOCK TABLES `devel_issue` WRITE;
/*!40000 ALTER TABLE `devel_issue` DISABLE KEYS */;
INSERT INTO `devel_issue` VALUES (1,0,'biometrics can\'t have null values','BioMetrics','BioMetric null values',3,'open'),(2,1,'deleting objects throws','Food','object deletion throws',5,'closed'),(3,1,'not-null property references a null or transient value: Food.description; ','Food','can\'t delete Food',5,'RESOLVED'),(31,0,'acegi plugin provides user role support','User','user roles',5,'OPEN'),(5,0,'log4j warns not configured correctly','config','log4j configuration',4,'open'),(6,1,'contact us email','maintenance','contact us',5,'open'),(7,2,'devel issue status enums','DevelIssue','issue status enum',5,'RESOLVED'),(8,1,'user superclass,coach, athlete subclasses','Athlete','User subclassing',5,'RESOLVED'),(10,3,'org.springframework.orm.hibernate3.HibernateObjectRetrievalFailureException: No row with the given identifier exists: [NutritionData#1]; nested exception is org.hibernate.ObjectNotFoundException: No row with the given identifier exists: [NutritionData#1]','FoodRef','FoodRef exception upon create',5,'CLOSED'),(11,1,'Can\'t click on FoodRef','FoodRef','FoodRef exception when clicked',5,'closed'),(12,2,'database maintenance utility. Probably us liquibase. Dbmigrate had issues.','config','gorm utilities',3,'open'),(13,0,'enumerations in grails','','enumerations howto',5,'open'),(14,2,'constraint closure in class should configure the order in the list view, but doesn\'t','constraint doesn\'t enforce ordering of attributdes','grails',5,'CLOSED'),(15,0,'Devel issue tree view','DevelIssue','DevelIssue tree view',5,'open'),(16,1,'button to add new food when in food ref','FoodRef','new food button on FoodRef',5,'closed'),(17,0,'increase list length','All','increasd list length',5,'open'),(18,0,'Use the flash object to return from the creation of an new food or exercise','ExerciseRef and FoodRef','flash object for redirect return',5,'open'),(19,1,'deleting doesn\'t work','all','delete does nothing',5,'closed'),(20,0,'use flash scope when creating a food from food reference and from meal creation','Meal','use flash scope',5,'OPEN'),(21,1,'implement inline edit like in dgg.\nGot this working in DevelIssue view, but not in other domains. Also some problems with saving. ','in description fields.','inline edit',5,'OPEN'),(22,0,'When listing a domain, provide a show all instead of the pageinate view','DevelIssue, Workout, meal','show all option',5,'OPEN'),(23,1,'When entering domain data from another controller, the controller context should be passed in so the user doesn\'t have to select the Athlete for example.','all','controller context persistance',3,'OPEN'),(24,2,'When creating an exercise ref, it should know what workout it is belongs to, so the user doesn\'t have to select a workout. \nSame for meal, and Athlete, etc','Workout, exercise ref.','New Workout object session persistance',5,'OPEN'),(25,0,'save workout when user selects add Exercise Ref','workout','auto save workout upon ExRef create.',2,'OPEN'),(26,0,'The \"mail the development team\" link extends into the milestones/roadmap part','index.gsp','limit contact us string',5,'OPEN'),(27,2,'displays only \"saving\". Wtf. Seems to work for new devel issues, but some fail. ','','cant save editInPlace',5,'OPEN'),(28,2,'follow article on securing grails app.\nhttp://www.infoq.com/articles/grails-acegi-integration\nNOTE: The article describes the integration of several new user related domains which will change the app architecture considerably. ','security','integrate acegi plugin',2,'OPEN'),(29,1,'in Workout, editInPlace only implemented in list view, but it can\'t be saved. Displays \"saving...\" but fails with no error.\n\nThis all works in DevelIssue.','workout','editInPlace won\'t save in Workout',5,'OPEN'),(30,1,'acegi plugin will work well for this. Also provides roles.','user','secure user login',5,'OPEN'),(32,0,'So they can be punch listed','DevelIssue','pretty print devel issues',2,'OPEN'),(33,0,'When registering a user, the acegi register controller fails because the captcha object is null. The one from the user form is good, but it is compared with the one from the captcha generator, but it\'s null and the registration fails','acegi','acegi registration broken',5,'OPEN'),(34,0,'throws exception relating to dates','User/AuthUser','UserController can\'t update user1',5,'OPEN'),(35,0,'when a food is deleted, any foodRefs must be deleted too. If not you get a weird error about nutrition data missing rows. ','food, foodRef, delete','delete food must delete foodRefs too',5,'OPEN'),(36,0,'Create a superclass called activity and subclass Exercise','Exercise','subclass Exercise from Activity domain',1,'OPEN'),(37,0,'for backup, and restore as well as manipulation','Workout','export workout to xml',3,'OPEN'),(38,0,'Human readable format','DevelIssue','export devel issues as report',3,'OPEN'),(39,0,'meals and workouts should list from most recent first. ','meal, workout','default lists should be in reverse chronological order',5,'OPEN'),(40,0,'example: When choosing from the food dropdown list in the foodRef create action, the food items should be listed in order of frequency of occurence.','food, exercise','lists based on frequency of reference occurence',5,'OPEN'),(41,0,'since we can\'t migrate easily, a way to read in xml and populate the date','app','load coach data from xml',5,'OPEN'),(42,0,'you get a reference integrity error from Equipment ref (hibernate','Exercise, Equipment','can\'t delete exercise',5,'OPEN'),(46,0,'Click here to enter description','http://coach.summitbid.com/','happyguy',5,'OPEN');
/*!40000 ALTER TABLE `devel_issue` ENABLE KEYS */;
UNLOCK TABLES;

--
-- Table structure for table `devel_issue_devel_issue`
--

DROP TABLE IF EXISTS `devel_issue_devel_issue`;
SET @saved_cs_client     = @@character_set_client;
SET character_set_client = utf8;
CREATE TABLE `devel_issue_devel_issue` (
  `devel_issue_issues_id` bigint(20) default NULL,
  `devel_issue_id` bigint(20) default NULL,
  KEY `FKC32C49EDB05D34F4` (`devel_issue_issues_id`),
  KEY `FKC32C49EDBC1F6E81` (`devel_issue_id`)
) ENGINE=MyISAM DEFAULT CHARSET=latin1;
SET character_set_client = @saved_cs_client;

--
-- Dumping data for table `devel_issue_devel_issue`
--

LOCK TABLES `devel_issue_devel_issue` WRITE;
/*!40000 ALTER TABLE `devel_issue_devel_issue` DISABLE KEYS */;
/*!40000 ALTER TABLE `devel_issue_devel_issue` ENABLE KEYS */;
UNLOCK TABLES;

--
-- Table structure for table `diet`
--

DROP TABLE IF EXISTS `diet`;
SET @saved_cs_client     = @@character_set_client;
SET character_set_client = utf8;
CREATE TABLE `diet` (
  `id` bigint(20) NOT NULL auto_increment,
  `version` bigint(20) NOT NULL,
  `name` varchar(255) NOT NULL,
  `description` varchar(255) default NULL,
  PRIMARY KEY  (`id`)
) ENGINE=MyISAM DEFAULT CHARSET=latin1;
SET character_set_client = @saved_cs_client;

--
-- Dumping data for table `diet`
--

LOCK TABLES `diet` WRITE;
/*!40000 ALTER TABLE `diet` DISABLE KEYS */;
/*!40000 ALTER TABLE `diet` ENABLE KEYS */;
UNLOCK TABLES;

--
-- Table structure for table `equipment`
--

DROP TABLE IF EXISTS `equipment`;
SET @saved_cs_client     = @@character_set_client;
SET character_set_client = utf8;
CREATE TABLE `equipment` (
  `id` bigint(20) NOT NULL auto_increment,
  `version` bigint(20) NOT NULL,
  `cost` float NOT NULL,
  `date_purchased` datetime NOT NULL,
  `description` varchar(255) NOT NULL,
  `name` varchar(255) NOT NULL,
  `photo` varchar(255) default NULL,
  PRIMARY KEY  (`id`)
) ENGINE=MyISAM AUTO_INCREMENT=17 DEFAULT CHARSET=latin1;
SET character_set_client = @saved_cs_client;

--
-- Dumping data for table `equipment`
--

LOCK TABLES `equipment` WRITE;
/*!40000 ALTER TABLE `equipment` DISABLE KEYS */;
INSERT INTO `equipment` VALUES (1,0,850,'2008-03-16 19:23:00','Specialized Tricross 2006','Cyclocross bike',NULL),(8,1,0,'2008-04-03 04:20:00','hold shoulder length. Different colors for different resistances.','rubber bands',NULL),(9,0,1250,'2005-04-03 21:35:00','2004 Frame, parts from various other C\'Dale bikes','Canondale Jekyll',NULL),(10,0,850,'2002-04-03 21:38:00','2002 (or so) Mod 3.0. Shimano 105 all the way around','K2 Road Bike',NULL),(11,0,0,'2007-04-03 21:46:00','From Pete Quesada. Nice mtb converted to a SS','Canondale Single speed MTB',NULL),(12,0,0,'2006-04-03 21:47:00','Frame from Velo Swap, parts from various, including my old \'96 Stumpjumper that was destroyed by an Alaskan Bulldozer','Ralleigh Frankenbike',NULL),(13,0,300,'2004-04-03 21:52:00','Bought from REI, with stroller and bike trailer attachments.','Dual Chariot Carrier Child Carrier',NULL),(14,0,180,'2001-04-03 21:55:00','bought from REI.','Solomon Inline Skates',NULL),(15,0,160,'2008-04-02 20:15:00','7 speed mtb kids bike. Nice, with grip shift and front shock','Columbia Kids bike',NULL),(16,0,400,'2007-12-06 20:37:00','nice','Solomon CrossMax 10 skis',NULL);
/*!40000 ALTER TABLE `equipment` ENABLE KEYS */;
UNLOCK TABLES;

--
-- Table structure for table `equipment_ref`
--

DROP TABLE IF EXISTS `equipment_ref`;
SET @saved_cs_client     = @@character_set_client;
SET character_set_client = utf8;
CREATE TABLE `equipment_ref` (
  `id` bigint(20) NOT NULL auto_increment,
  `version` bigint(20) NOT NULL,
  `equipment_id` bigint(20) NOT NULL,
  `exercise_id` bigint(20) default NULL,
  PRIMARY KEY  (`id`),
  KEY `FK77AB56629A6DFEDA` (`equipment_id`),
  KEY `FK77AB5662AF1266DA` (`exercise_id`)
) ENGINE=MyISAM AUTO_INCREMENT=17 DEFAULT CHARSET=latin1;
SET character_set_client = @saved_cs_client;

--
-- Dumping data for table `equipment_ref`
--

LOCK TABLES `equipment_ref` WRITE;
/*!40000 ALTER TABLE `equipment_ref` DISABLE KEYS */;
INSERT INTO `equipment_ref` VALUES (3,0,1,19),(2,0,8,16),(4,0,1,20),(5,0,1,22),(6,0,1,13),(7,0,1,21),(8,0,1,23),(9,0,13,20),(11,0,1,61),(12,0,13,61),(13,0,1,62),(14,0,1,64),(15,0,9,77),(16,0,1,104);
/*!40000 ALTER TABLE `equipment_ref` ENABLE KEYS */;
UNLOCK TABLES;

--
-- Table structure for table `exercise`
--

DROP TABLE IF EXISTS `exercise`;
SET @saved_cs_client     = @@character_set_client;
SET character_set_client = utf8;
CREATE TABLE `exercise` (
  `id` bigint(20) NOT NULL auto_increment,
  `version` bigint(20) NOT NULL,
  `description` varchar(255) NOT NULL,
  `name` varchar(255) NOT NULL,
  `equipment_id` bigint(20) default NULL,
  `avg_speed` float default NULL,
  `max_speed` float default NULL,
  `animation` tinyblob,
  `distance` float default NULL,
  `reps` int(11) default NULL,
  `seconds` int(11) default NULL,
  `sets` int(11) default NULL,
  `avg_heart_rate` int(11) default NULL,
  `max_heart_rate` int(11) default NULL,
  `calories` int(11) default NULL,
  `completed` bit(1) default NULL,
  PRIMARY KEY  (`id`),
  KEY `FK7A9101D89A6DFEDA` (`equipment_id`)
) ENGINE=MyISAM AUTO_INCREMENT=109 DEFAULT CHARSET=latin1;
SET character_set_client = @saved_cs_client;

--
-- Dumping data for table `exercise`
--

LOCK TABLES `exercise` WRITE;
/*!40000 ALTER TABLE `exercise` DISABLE KEYS */;
INSERT INTO `exercise` VALUES (1,4,'1 hour spin class','spin class',NULL,NULL,NULL,NULL,NULL,NULL,3600,NULL,NULL,NULL,NULL,NULL),(2,1,'solo','hacky sack session',1,NULL,NULL,'http://www.youtube.com/v/d2qS67dDQrQ&hl=en',NULL,NULL,NULL,NULL,NULL,NULL,NULL,NULL),(3,4,'old school, bad form','situps',1,NULL,NULL,'http://www.youtube.com/v/TKg_cdwq9l4&hl=en',NULL,NULL,NULL,NULL,NULL,NULL,NULL,NULL),(4,3,'like trainer described: 35 seconds, rest, repeat. test','ab isometric',1,NULL,NULL,'http://www.youtube.com/v/zJGlP-Z21ws&hl=en',NULL,NULL,NULL,NULL,NULL,NULL,NULL,NULL),(5,3,'30lbs','dumbell press',1,NULL,NULL,'http://www.youtube.com/v/tka3-WM3r9g&hl=en',NULL,NULL,NULL,NULL,NULL,NULL,NULL,NULL),(47,1,'Use machine. see video','lateral pulldown',NULL,NULL,NULL,NULL,NULL,12,NULL,NULL,NULL,NULL,NULL,NULL),(7,3,'jog around the gym and dribble a basket ball. Keep HR up around 160','jog/dribble basketball',NULL,NULL,NULL,NULL,NULL,NULL,NULL,NULL,135,180,NULL,NULL),(48,1,'old school, nothing special. Reduce the reps each set.','pushups',NULL,NULL,NULL,NULL,NULL,25,NULL,NULL,NULL,NULL,NULL,NULL),(32,0,'larger machine uses sitting position','ab crunch machine',1,NULL,NULL,'http://www.youtube.com/v/F-hrStkNNH0&hl=en',NULL,NULL,NULL,NULL,NULL,NULL,NULL,NULL),(11,1,'simple hinged machine isolates upper abs','ab machine',NULL,NULL,NULL,NULL,NULL,100,NULL,NULL,NULL,NULL,NULL,NULL),(12,3,'dips. 10 ea. in various hand positions','assisted dip',1,NULL,NULL,'http://www.youtube.com/v/A2RrGfzg6_w&hl=en',NULL,NULL,NULL,NULL,NULL,NULL,NULL,NULL),(13,3,'from cmc to quincy 12.57 miles 155bpm avg','biked 12.57 miles from CMC ',NULL,NULL,NULL,NULL,12.57,NULL,NULL,NULL,NULL,NULL,NULL,NULL),(14,0,'3 reps of 15, 30 sec rest','leg press machine',NULL,NULL,NULL,NULL,NULL,NULL,NULL,NULL,NULL,NULL,NULL,NULL),(15,0,'3 sets of 12, 30 sec rest','rowing machine',NULL,NULL,NULL,NULL,NULL,NULL,NULL,NULL,NULL,NULL,NULL,NULL),(16,0,'wrap around hands about shoulder width, straight out in front, then out to sides. 3 sets of 10','rubber band for lats',NULL,NULL,NULL,NULL,NULL,NULL,NULL,NULL,NULL,NULL,NULL,NULL),(17,0,'hold ball with legs at 90, shoulders up. Down to 65, up to 90, arms touch ball, then over head and back up. Legs 65 to 90. 45 Second sets.','ab iso with ball',NULL,NULL,NULL,NULL,NULL,NULL,NULL,NULL,NULL,NULL,NULL,NULL),(18,0,'on back free weights','Bench Press',NULL,NULL,NULL,NULL,NULL,NULL,NULL,NULL,NULL,NULL,NULL,NULL),(19,0,'Ride with kids, low impact','Bike ride with kids',NULL,NULL,NULL,NULL,NULL,NULL,NULL,NULL,NULL,NULL,NULL,NULL),(20,0,'pull luka in bike trailer','bike ride pulling trailer',NULL,NULL,NULL,NULL,NULL,NULL,NULL,NULL,NULL,NULL,NULL,NULL),(21,0,'Just rode around for fun','bike, casual',1,NULL,NULL,NULL,NULL,NULL,NULL,NULL,NULL,NULL,NULL,NULL),(22,0,'10. 5 miles. Parked at High School, rode down Holly, got on path to Highline canal path on to CMC','bike commute to work',1,NULL,NULL,NULL,NULL,NULL,NULL,NULL,NULL,NULL,NULL,NULL),(23,0,'biked up Holly to Orchard, through westland park, up Monoco, to Quincy. East on Quincy to Princeton and up Tamarac to home. ','biked from CMC to Home',1,NULL,NULL,NULL,NULL,NULL,NULL,NULL,NULL,NULL,NULL,NULL),(25,0,'can be exhausting','wrestled with kids',1,NULL,NULL,NULL,NULL,NULL,NULL,NULL,NULL,NULL,NULL,NULL),(26,0,'Click here to enter description','test embedded video',1,NULL,NULL,'http://www.youtube.com/v/TKg_cdwq9l4&hl=en',NULL,NULL,NULL,NULL,NULL,NULL,NULL,NULL),(34,0,'run on treadmill','treadmill',1,NULL,NULL,NULL,NULL,NULL,NULL,NULL,NULL,NULL,NULL,NULL),(28,2,'Simple whole leg workout','walking lunge',1,NULL,NULL,'http://www.youtube.com/v/xYTNEh4r5PI&hl=en',NULL,12,NULL,NULL,NULL,NULL,NULL,NULL),(29,0,'with machine','lateral pulldown',1,NULL,NULL,'http://www.youtube.com/v/kgF37pq861Q&hl=en',NULL,NULL,NULL,NULL,NULL,NULL,NULL,NULL),(30,1,'Old school, nothing special','pushups',1,NULL,NULL,'http://www.youtube.com/v/6bleiB13I2E&hl=en',NULL,NULL,NULL,NULL,NULL,NULL,NULL,NULL),(31,0,'Click here to enter description','pullups',1,NULL,NULL,'http://www.youtube.com/v/742v8O64154&hl=en',NULL,NULL,NULL,NULL,NULL,NULL,NULL,NULL),(33,1,'Using exercise ball, lay back and do crunches','ab crunch with ball',1,NULL,NULL,'http://www.youtube.com/v/VVBddP5oW8Y&hl=en',NULL,NULL,NULL,NULL,NULL,NULL,NULL,NULL),(35,1,'stand, step forward up to a step, then leg goes back and bends. Repeat 12 times. Then do other leg. ','back and forth lunges',1,NULL,NULL,NULL,NULL,12,NULL,3,NULL,NULL,NULL,NULL),(36,0,'head up on decline board, then hold legs out at about 54 deg, and then crunch to chest. Repeat ','decline board ab crunchs',1,NULL,NULL,NULL,NULL,NULL,NULL,NULL,NULL,NULL,NULL,NULL),(37,3,'decline board, raise legs up and back, and raise buttocks up.','decline bench toes to the sky',1,NULL,NULL,'http://www.youtube.com/v/AsduzAwA0H4&hl=en',NULL,NULL,90,NULL,NULL,NULL,NULL,NULL),(38,2,'do a pushup and then raise one arm up and back, straight up.\nStart with 12 each arm and reduce for each set.','pushups, then extend arm up',1,NULL,NULL,NULL,NULL,24,NULL,NULL,NULL,NULL,NULL,NULL),(39,1,'stand, hold both cable handles palm up, bring forward with arms extended.','cable upper body thing',1,NULL,NULL,NULL,NULL,12,NULL,NULL,NULL,NULL,NULL,NULL),(40,0,'stand over free weight bar, bend back, pull bar up toward belly','inverted bench press',1,NULL,NULL,NULL,NULL,NULL,NULL,NULL,NULL,NULL,NULL,NULL),(41,1,'hold rubber band shoulder width, extend arms out','rubber band for upper back',1,NULL,NULL,NULL,NULL,12,NULL,3,NULL,NULL,NULL,NULL),(53,2,'via S. Yosemite, Peakview, S Syracuse, Costilla, Englewood Dam, Dry Creek.','Bike from Village to CMC',NULL,13,32,NULL,6,NULL,1680,NULL,NULL,NULL,NULL,NULL),(54,0,'Rode up holly to Orchard, east and up dtc to Yosemite and to village','bike commute from CMC to village',NULL,NULL,NULL,NULL,NULL,NULL,NULL,NULL,NULL,NULL,NULL,NULL),(55,0,'downhill ski','Downhill Ski',NULL,NULL,NULL,NULL,NULL,NULL,NULL,NULL,NULL,NULL,NULL,NULL),(56,1,'on machine, legs at 90 deg','hack squat',NULL,NULL,NULL,'http://www.youtube.com/v/e1lNykZYsms&hl=en',NULL,12,NULL,3,NULL,NULL,NULL,NULL),(57,0,'ball behind head and shoulders, then dumbell press','dumbell press on swiss ball',NULL,NULL,NULL,'http://www.youtube.com/v/3RgXg_-pz5k&hl=en',NULL,12,NULL,3,NULL,NULL,NULL,NULL),(58,0,'sit on ball, hands up, feet up on machine, pull bar to chest','pull down bar on ball',NULL,NULL,NULL,NULL,NULL,12,NULL,NULL,NULL,NULL,NULL,NULL),(59,0,'back agains a wall, normal curl, then arms up and out','bar curl, then arms out',NULL,NULL,NULL,NULL,NULL,12,NULL,NULL,NULL,NULL,NULL,NULL),(60,0,'on decline board, head up, bring legs all the way back over head','decline board ab crunch',NULL,NULL,NULL,NULL,NULL,12,NULL,NULL,NULL,NULL,NULL,NULL),(61,0,'After Science Museum, the kids and I went to Johnny Rockets. I rode home pulling the trailer','Rode home From Cherry Creek mall',NULL,NULL,NULL,NULL,NULL,NULL,NULL,NULL,NULL,NULL,NULL,NULL),(62,0,'From Discount Tire at Belleview and Sante Fe down Platte to Lee Gulch and misc bike paths to CMC','lunch time ride from tire shop',NULL,12,25,NULL,9,NULL,NULL,NULL,153,191,NULL,NULL),(10,0,'description','name',NULL,NULL,NULL,NULL,NULL,NULL,NULL,NULL,NULL,NULL,NULL,NULL),(63,0,'via neighborhood behind Village, to Orchard, down Holly, through \'hood N of CMC','Commute from Village to CMC',NULL,12,31,NULL,6,NULL,NULL,NULL,157,177,NULL,NULL),(64,0,'Rode to Chatfield and back. Met up with Dave Diller','CMC to Chatfield RT',NULL,13,35,NULL,20,NULL,NULL,NULL,156,NULL,NULL,NULL),(65,0,'keep revs at 110per minute','exercise bike intense',NULL,NULL,NULL,NULL,NULL,NULL,120,NULL,NULL,NULL,NULL,NULL),(66,0,'keep revs at 50 per minute. Resistance 60%','exercise bike moderate',NULL,NULL,NULL,NULL,NULL,NULL,60,NULL,NULL,NULL,NULL,NULL),(67,0,'Hold at shoulders, swat down and keep feet flat on floor, no heel lift.','dumbell sqats',NULL,NULL,NULL,NULL,NULL,6,NULL,NULL,NULL,NULL,NULL,NULL),(68,0,'Squat to floor, raise bells from floor to ceiling','Dumbell floor to ceiling',NULL,NULL,NULL,NULL,NULL,6,NULL,NULL,NULL,NULL,NULL,NULL),(69,0,'Elbows out and higher than hands.','Dumbell hips to chest',NULL,NULL,NULL,NULL,NULL,6,NULL,NULL,NULL,NULL,NULL,NULL),(70,0,'In front of mirror, stand back flat, raise bells with elbows back.','Dumbell standing row',NULL,NULL,NULL,NULL,NULL,6,NULL,NULL,NULL,NULL,NULL,NULL),(71,0,'Left work early so I rode the Highline Canal trail to Quincy, stopped at MicroCenter, and then through Cherry Creek High School to the Village.','Rode from CMC to Village via HLC',NULL,NULL,NULL,NULL,NULL,NULL,NULL,NULL,NULL,NULL,NULL,NULL),(72,0,'Rode up Dexter to Orchard, east and up dtc to Yosemite and to village','commute CMC to Village',NULL,NULL,NULL,NULL,NULL,NULL,NULL,NULL,NULL,NULL,NULL,NULL),(73,0,'Home to CMC via HLC with a couple shortcuts','commute: Home to CMC via HLC',NULL,NULL,NULL,NULL,20,NULL,70,NULL,NULL,NULL,NULL,NULL),(74,0,'Rode around the Cherry Creek Reservoir pulling Luka in the trailer','Commute from Village to Home via CC Res pulling Luka',NULL,NULL,NULL,NULL,10,NULL,60,NULL,NULL,NULL,NULL,NULL),(75,0,'parked at Slaven Elementary and rode down the Platte to C470 to Kipling and then up Deer Creek.','Denver to Deer Creek',NULL,11.3,30.3,NULL,26,NULL,180,NULL,NULL,NULL,NULL,NULL),(76,0,'rode back to car','Deer Creek back to Denver',NULL,16.6,34.5,NULL,26,NULL,90,NULL,NULL,NULL,NULL,NULL),(77,2,'From parking lot to the Gazebo','Mt Falcon Gazebo Grunt',NULL,3.5,13.7,NULL,2.6,NULL,2750,NULL,161,180,NULL,NULL),(78,1,'Loop up top of Mt. Falcon','Parmalee Trail',NULL,6.5,22.3,NULL,4.38,NULL,2417,NULL,145,167,NULL,NULL),(79,0,'Descent from Gazebo to parking lot','Mt Falcon Gazebo to bottom',NULL,10.2,19.9,NULL,2.62,NULL,923,NULL,116,142,NULL,NULL),(80,1,'hard as hell','Military Pushups',NULL,NULL,NULL,'http://www.youtube.com/v/K5boftY6FBU&hl=en',NULL,NULL,NULL,NULL,NULL,NULL,NULL,NULL),(81,0,'video on how to tape handlebars','tape handlebar',NULL,NULL,NULL,'http://www.howcast.com/flash/howcast_player.swf?file=11058',NULL,NULL,NULL,NULL,NULL,NULL,NULL,NULL),(82,0,'video on how to replace a spoke','replace broken spoke',NULL,NULL,NULL,'http://www.howcast.com/flash/howcast_player.swf?file=10734',NULL,NULL,NULL,NULL,NULL,NULL,NULL,NULL),(83,0,'video on how to adjust the rear derailer','adjust rear derailer',NULL,NULL,NULL,'http://www.howcast.com/flash/howcast_player.swf?file=2249',NULL,NULL,NULL,NULL,NULL,NULL,NULL,NULL),(84,0,'video on how to true a wheel','true a wheel',NULL,NULL,NULL,'http://www.howcast.com/flash/howcast_player.swf?file=2517',NULL,NULL,NULL,NULL,NULL,NULL,NULL,NULL),(85,0,'video on how to tune up a bike','bicycle tuneup',NULL,NULL,NULL,'http://www.howcast.com/flash/howcast_player.swf?file=10813',NULL,NULL,NULL,NULL,NULL,NULL,NULL,NULL),(86,0,'complicated route (see map)','commute from Village to CMC via S. Yosemite route',NULL,14,24,NULL,6.67,NULL,NULL,NULL,NULL,NULL,NULL,NULL),(87,0,'hard work!','pull both kids in bike trailer',NULL,NULL,NULL,NULL,NULL,NULL,NULL,NULL,NULL,NULL,NULL,NULL),(88,0,'Ride up Deer Creek Highgrade','bicycle hillclimbing',NULL,8.5,24.1,NULL,13.5,NULL,5700,NULL,NULL,NULL,NULL,NULL),(89,0,'Home to Quincy HLC trail to CMC','Commute to work Quincy HLC',NULL,14.9,27.4,NULL,14.34,NULL,3420,NULL,NULL,NULL,NULL,NULL),(90,0,'sitting position press','Chest Press Machine',NULL,NULL,NULL,NULL,NULL,10,NULL,NULL,NULL,NULL,NULL,NULL),(91,0,'CMC via Costilla and S. Yosemite','bike commute CMC to Village',NULL,NULL,NULL,NULL,6.43,NULL,NULL,NULL,NULL,NULL,NULL,NULL),(92,0,'via 225 RTD Bridge','Commute Village to Home',NULL,NULL,NULL,NULL,3.4,NULL,NULL,NULL,NULL,NULL,NULL,NULL),(93,0,'via S Yosemite','bike commute from home to Village ',NULL,NULL,NULL,NULL,3.4,NULL,NULL,NULL,NULL,NULL,NULL,NULL),(94,0,'snow play','snowball fight',NULL,NULL,NULL,NULL,NULL,NULL,60,NULL,NULL,NULL,NULL,NULL),(95,0,'run portion of run','run',NULL,NULL,NULL,NULL,5,NULL,NULL,NULL,NULL,NULL,NULL,NULL),(96,0,'takes about 20 mins up, if going up alone. With kids longer.','Climb Stone Mt',NULL,NULL,NULL,NULL,2,NULL,NULL,NULL,NULL,NULL,NULL,NULL),(97,0,'at a resort','Telemark Skiing',NULL,NULL,NULL,NULL,NULL,NULL,NULL,NULL,NULL,NULL,NULL,NULL),(98,0,'Route from CMC, accross Englewood Dam to S. Yosemite.','Commute CMC to Village via Englewood Dam, S. Yosemite',NULL,12,20,NULL,6.43,NULL,NULL,NULL,140,170,NULL,NULL),(99,0,'No big hurry type commuting','moderate bike commute',NULL,13,20,NULL,6,NULL,NULL,NULL,150,170,NULL,NULL),(100,0,'hard work!','Shovel snow',NULL,NULL,NULL,NULL,NULL,NULL,NULL,NULL,NULL,NULL,NULL,NULL),(101,0,'Up Holly to Quincy, then East to Rosemary, Tamarac. ','biked CMC to Home via Holly, Quincy',NULL,12,25,NULL,9,NULL,NULL,NULL,NULL,NULL,NULL,NULL),(102,0,'via RTD 225 bridge','Bike Home to Village',NULL,15,20,NULL,3.5,NULL,NULL,NULL,NULL,NULL,NULL,NULL),(103,0,'short ride.','bike Arapahoe RTD to CMC',NULL,NULL,NULL,NULL,4,NULL,NULL,NULL,NULL,NULL,NULL,NULL),(104,1,'via RTD 225 bridge','Bike Home to Village pulling Luka',NULL,12,20,NULL,4,NULL,NULL,NULL,NULL,NULL,NULL,NULL),(105,0,'Rode up Colorado to HLC followed HLC to home','commute CMC to Home via HLC',NULL,15,NULL,NULL,15,NULL,NULL,NULL,NULL,NULL,NULL,NULL),(106,0,'via RTD 225 bridge','Pulled Luka to Village',NULL,15,NULL,NULL,4,NULL,NULL,NULL,NULL,NULL,NULL,NULL),(107,0,'via RTD 225 bridge and S. Yosemite','Commute Home to Village to CMC',NULL,15,22,NULL,10,NULL,NULL,NULL,150,180,NULL,NULL),(108,0,'From Home, Up cherry Creek, Down Platte, Big Dry Creek, Highline Canal, home','Modified Latte Loop',NULL,16,27,NULL,40,NULL,NULL,NULL,154,171,NULL,NULL);
/*!40000 ALTER TABLE `exercise` ENABLE KEYS */;
UNLOCK TABLES;

--
-- Table structure for table `exercise_ref`
--

DROP TABLE IF EXISTS `exercise_ref`;
SET @saved_cs_client     = @@character_set_client;
SET character_set_client = utf8;
CREATE TABLE `exercise_ref` (
  `id` bigint(20) NOT NULL auto_increment,
  `version` bigint(20) NOT NULL,
  `exercise_id` bigint(20) NOT NULL,
  `workout_id` bigint(20) default NULL,
  PRIMARY KEY  (`id`),
  KEY `FKE4393DACAF1266DA` (`exercise_id`),
  KEY `FKE4393DACB882287A` (`workout_id`)
) ENGINE=MyISAM AUTO_INCREMENT=241 DEFAULT CHARSET=latin1;
SET character_set_client = @saved_cs_client;

--
-- Dumping data for table `exercise_ref`
--

LOCK TABLES `exercise_ref` WRITE;
/*!40000 ALTER TABLE `exercise_ref` DISABLE KEYS */;
INSERT INTO `exercise_ref` VALUES (1,0,2,2),(2,0,3,2),(3,0,4,2),(5,0,7,2),(6,0,1,6),(7,0,1,7),(8,0,4,7),(10,0,11,7),(11,0,12,7),(12,0,2,8),(13,0,11,8),(14,0,12,8),(16,0,2,9),(18,0,10,9),(19,0,11,9),(20,0,13,10),(21,0,17,11),(22,0,16,11),(23,0,15,11),(24,0,14,11),(25,0,2,18),(27,0,11,18),(28,0,4,18),(29,0,17,18),(30,0,18,19),(31,0,2,20),(32,0,19,20),(33,0,2,21),(34,0,4,21),(35,0,12,21),(36,0,11,21),(37,0,10,21),(70,0,1,37),(40,0,20,22),(41,0,20,23),(42,0,1,25),(43,0,10,25),(44,0,11,25),(45,0,1,27),(46,0,10,27),(47,0,11,27),(49,0,12,27),(50,0,22,28),(51,0,23,29),(54,0,25,4),(55,0,10,5),(56,0,2,33),(57,0,12,33),(58,0,34,33),(59,0,1,34),(60,0,1,35),(61,0,2,35),(62,0,35,36),(63,0,36,36),(64,0,37,36),(65,0,38,36),(66,0,39,36),(67,0,40,36),(68,0,41,36),(69,0,2,37),(80,0,54,42),(79,0,53,39),(81,0,55,43),(82,0,2,44),(83,0,20,44),(84,0,56,45),(85,0,57,45),(86,0,58,45),(87,0,59,45),(88,0,36,45),(89,0,60,45),(90,0,25,46),(91,0,19,47),(92,0,61,47),(93,0,62,48),(94,0,63,50),(95,0,64,51),(96,0,54,52),(97,0,28,53),(98,0,65,53),(99,0,66,53),(100,0,67,53),(101,0,68,53),(102,0,69,53),(103,0,70,53),(104,0,41,53),(105,0,57,53),(106,0,53,56),(107,0,2,86),(108,0,73,88),(109,0,3,88),(110,0,48,88),(111,0,54,89),(112,0,74,89),(113,0,20,93),(114,0,53,94),(115,0,75,96),(116,0,76,96),(117,0,3,99),(118,0,48,99),(119,0,77,102),(120,0,78,102),(121,0,79,102),(122,0,3,102),(123,0,48,102),(124,0,3,2),(125,0,2,102),(126,0,3,1),(127,0,20,110),(128,0,86,110),(129,0,87,111),(130,0,88,131),(131,0,89,132),(132,0,1,5),(133,0,1,134),(134,3,11,135),(135,2,11,135),(136,1,12,135),(137,0,90,135),(138,3,11,138),(139,2,11,138),(140,1,12,138),(141,0,90,138),(142,0,91,139),(143,1,92,140),(144,0,93,140),(145,0,53,141),(146,0,53,142),(147,0,91,143),(148,0,22,144),(149,2,28,146),(150,1,90,146),(151,0,12,146),(152,0,86,151),(153,0,86,152),(154,0,91,153),(155,0,91,154),(156,0,91,155),(157,0,91,156),(158,0,53,157),(159,0,53,158),(160,0,94,159),(161,2,12,160),(162,1,3,160),(163,0,32,160),(164,0,21,161),(165,1,95,162),(166,0,3,162),(167,0,3,163),(168,0,96,164),(169,0,96,165),(170,2,2,167),(173,0,1,168),(172,0,11,167),(174,4,7,169),(179,1,12,170),(178,0,48,169),(177,1,11,169),(180,0,11,170),(181,2,7,171),(182,1,11,171),(183,0,12,171),(184,0,97,172),(185,0,1,173),(186,0,63,174),(187,0,21,175),(188,0,97,176),(189,0,97,177),(190,0,7,178),(191,0,7,179),(192,0,21,180),(193,0,21,181),(194,0,1,182),(196,0,86,183),(197,0,98,184),(198,0,86,185),(199,0,2,186),(200,0,21,187),(201,0,7,188),(202,0,21,190),(203,0,99,191),(204,0,99,192),(205,0,7,193),(206,0,99,194),(207,0,99,195),(208,0,99,196),(209,0,55,197),(210,0,2,198),(211,2,1,199),(212,1,12,199),(213,0,18,199),(214,0,100,200),(215,0,86,201),(216,0,101,202),(217,0,102,203),(218,2,1,204),(219,1,3,204),(220,0,12,204),(221,0,103,206),(222,1,104,207),(223,0,53,207),(224,0,105,208),(225,0,53,213),(226,0,1,216),(227,0,100,217),(228,0,21,218),(229,0,104,219),(230,0,86,220),(231,0,106,222),(232,0,86,223),(233,0,107,225),(234,2,1,229),(235,1,3,229),(236,0,12,229),(237,0,108,230),(238,1,74,236),(239,0,98,236),(240,0,1,237);
/*!40000 ALTER TABLE `exercise_ref` ENABLE KEYS */;
UNLOCK TABLES;

--
-- Table structure for table `food`
--

DROP TABLE IF EXISTS `food`;
SET @saved_cs_client     = @@character_set_client;
SET character_set_client = utf8;
CREATE TABLE `food` (
  `id` bigint(20) NOT NULL auto_increment,
  `version` bigint(20) NOT NULL,
  `description` varchar(255) NOT NULL,
  `name` varchar(255) NOT NULL,
  `nutrition_data_id` bigint(20) default NULL,
  `cost` float default NULL,
  `animation` varchar(255) default NULL,
  PRIMARY KEY  (`id`),
  KEY `FK300C5EBB48F76B` (`nutrition_data_id`)
) ENGINE=MyISAM AUTO_INCREMENT=250 DEFAULT CHARSET=latin1;
SET character_set_client = @saved_cs_client;

--
-- Dumping data for table `food`
--

LOCK TABLES `food` WRITE;
/*!40000 ALTER TABLE `food` DISABLE KEYS */;
INSERT INTO `food` VALUES (1,3,'oatmeal w granola, raisins, etc','oatmeal',26,NULL,NULL),(2,3,'carafe of french press coffee','carafe of coffee',3,NULL,NULL),(3,2,'sometimes with lettuce and tomato','turkey sandwich',2,NULL,NULL),(4,2,'whole wheat bun, lettuce, tomato','cheese burger',47,NULL,'http://www.youtube.com/v/DhZwU3Cp0Pc&hl=en'),(5,2,'usually 0 grams fat','yogurt lowfat',50,NULL,NULL),(6,1,'','Pizza Slice',63,NULL,NULL),(7,4,'single','banana',43,NULL,NULL),(8,0,'','toast w peanut butter',NULL,NULL,NULL),(9,0,'little bagels we got for the kids','mini bagel, wheat',1,NULL,NULL),(10,4,'lettuce and carots, etc. Light dressing','salad',41,4.27,NULL),(12,1,'to go salad w chicken','salad w chicken',41,NULL,NULL),(13,0,'none','default food place holder',3,NULL,NULL),(14,1,'name brand oatmeal packages','oatmeal from packets',11,NULL,NULL),(15,0,'from a can','chicken noodle soup',3,NULL,NULL),(16,0,'from cafeteria-spicy','vegatable and chorizo soup',3,NULL,NULL),(17,0,'burger with swiss cheeese and mini bagel and letuce','cheesburger',2,NULL,NULL),(18,0,'Chicken noodle','Healthy Choice Soup',3,NULL,NULL),(19,0,'Odells 900 Schilling','dark beer',3,NULL,NULL),(20,0,'Stella Artios','lighter beer',3,NULL,NULL),(21,0,'awesome','Baked Char w rich Spinach sauce',3,NULL,NULL),(22,0,'appetizer','Fish Taco',3,NULL,NULL),(23,0,'','Steamed Veggies',2,NULL,NULL),(24,0,'2 eggs, veggies, sausage, green chille','mervin veggie, sausage, green chillie omelet',3,NULL,NULL),(25,0,'turkey chunks, veggies, broth.','Old fashioned Turkey vegetable soup',3,NULL,NULL),(26,4,'large diet coke','large diet coke',15,NULL,NULL),(27,0,'whole wheat','english muffin',3,NULL,NULL),(28,0,'awesome soup from cafeteria','soup, beaf noodle',3,NULL,NULL),(29,0,'beaf patty w cheese','hamburger patty',3,NULL,NULL),(30,0,'single slice ','turkey bacon slice',3,NULL,NULL),(31,0,'Burrito, enchillada, taco combo, (*burp*)','mexican dish',3,NULL,NULL),(32,0,'awesome soup from cafeteria','Tortilla Soup',3,NULL,NULL),(33,0,'w butter','toast',2,NULL,NULL),(34,0,'junk food chips','corn chips',3,NULL,NULL),(35,0,'Penna Pasta with spinach, an cheese and yummy stuff','Penna Rosa',3,NULL,NULL),(36,0,'junki food','burito supreme',3,NULL,NULL),(37,1,'Arlene\'s awesome vegan pumkin muffins','muffins, pumpkin',62,NULL,NULL),(38,2,'vegan burgers from costco','burger, veggie burger',36,NULL,NULL),(39,0,'bean and cheese','burrito, frozen',3,NULL,NULL),(40,1,'chicken tikka masala','frozen dinner, amy\'s or ethnic gourmet',3,NULL,NULL),(41,0,'Egg Spinach cheese bagel sandwich, coffee','sandwich w egg, cheese',3,NULL,NULL),(42,1,'single cup','coffee, cup',3,1.3,NULL),(43,0,'soup from cafeteria','Soup, Cream of Brocoli',3,NULL,NULL),(44,0,'Whole Grain Tuscan Linguini','Tuscan Linguini',3,NULL,NULL),(46,1,'awesome wrap from deli: Roast beaf, olives, spinach, horse radish sauce, spinach tortilla.','EdZilla wrap',69,NULL,NULL),(47,0,'Click here to enter description','test session food 1',2,NULL,NULL),(48,0,'Click here to enter description','test session food 2',2,NULL,NULL),(49,0,'Click here to enter description','test session food 3',2,NULL,NULL),(50,0,'n slices','turkey bacon',2,NULL,NULL),(51,0,'what was I thinking...','donut',2,NULL,NULL),(52,0,'Miller Ice','beer, light beer',2,NULL,NULL),(53,0,'faux cheetos','cheetos',2,NULL,NULL),(54,0,'from cafeteria','clam chowder',2,NULL,NULL),(55,0,'got it at the Valentines day run','mix 1 health drink',2,NULL,NULL),(56,0,'junk food','McDonalds McGriddle',2,NULL,NULL),(57,1,'can of diet soda.','diet soda pop',44,NULL,NULL),(58,0,'sugery cereal ','cereal, Honey Bunch Oats',2,NULL,NULL),(59,0,'way rich. Stay away.','chocolate brownie',2,NULL,NULL),(60,1,'2 eggs, veggies, cheese, sausage, green chile','mervin omlet',5,NULL,NULL),(61,2,'with seeds.','orange',42,NULL,NULL),(62,0,'with seeds','grapefruit',2,NULL,NULL),(63,0,'Click here to enter description','weight watchers chicken',2,NULL,NULL),(64,0,'skinless chicken breast','chicken breast',2,NULL,NULL),(65,0,'mostly veggies, usually some pasta salad, not too much dressing','trip to salad bar',2,NULL,NULL),(66,0,'From cafeteria. pretty fatty, I recon. ','cream of mushroom soup',2,NULL,NULL),(67,0,'Spinach Tortilla, roas beaf, shrooms, olives, tomato, cheese, horse radish-Awesome!','EdZilla sandwich',2,NULL,NULL),(68,2,'brand of \"health\" drink','Vitamin Water',17,NULL,NULL),(69,0,'Roll your own Gyro fixins from some Greek restaurant Arlene went to','Gyro Sandwich',2,NULL,NULL),(70,0,'regular beer','Moosehead beer',2,NULL,NULL),(71,1,'test cost','test cost',2,3.33,NULL),(72,1,'test','test cost 2',2,4.33,NULL),(73,2,'test','test cost 3',2,0.9,NULL),(74,0,'Click here to enter description','test food nutrion data',3,NULL,NULL),(75,1,'test nutrition data','test food',3,NULL,NULL),(76,0,'Click here to enter description','test nutrition data',5,NULL,NULL),(77,0,'Click here to enter description','test aroony',6,NULL,NULL),(78,0,'Click here to enter description','test animation',7,NULL,'http://www.youtube.com/v/DhZwU3Cp0Pc&hl=en'),(79,0,'Click here to enter description','test no animation',8,NULL,NULL),(80,0,'yummy','cheesy potatoes',9,NULL,'http://www.youtube.com/v/-9kmQuefbtA&hl=en'),(81,1,'Click here to enter description','lemonade',10,NULL,'http://www.youtube.com/v/iRC_i4a2oP8&hl=en'),(82,0,'bowtie pasta, black beans, peas, ','pasta salad',12,NULL,NULL),(83,0,'with butter and jam','rye toast',13,NULL,NULL),(84,0,'Small, but it\'s gotta be fattening.','cheesy vegetable soup',14,1.65,NULL),(85,0,'all the sugar, and stuff','non diet soda',16,NULL,NULL),(86,0,'Roast beef or whatever, veggies, etc','subway sandwich',18,4,NULL),(87,0,'small bag of cheetos','cheetos',19,NULL,NULL),(88,0,'orville redenbachers, with extra margarine','popcorn',20,NULL,NULL),(89,0,'grilled potatoes','hash browns',21,NULL,NULL),(90,1,'2 small buttermilk','pancakes',22,NULL,NULL),(91,0,'\"Rich Chocolate\" from a packet','Hot Chocolate',23,NULL,NULL),(92,0,'turkey burger patty','turkey burger',24,NULL,NULL),(93,0,'energy bar','zone bar',25,NULL,NULL),(94,0,'various soups from cafeteria','soup from caferia',27,1.75,NULL),(95,0,'wings, chips, pizza like things, fries, onion rings, etc.','miscellaneous bar food',28,NULL,NULL),(96,0,'dinasaur shaped chicken things','chicken dino nuggets',29,NULL,NULL),(97,0,'fudge bar','fudge bar',30,NULL,NULL),(98,0,'from starbucks','coffee cake',31,2,NULL),(99,0,'From Chipotle, Wahoo\'s, etc','large burito',32,6,NULL),(100,0,'regular bar','power bar',34,NULL,NULL),(101,0,'large','grapefruit',35,NULL,NULL),(102,0,'egg, spinach, ','einstein\'s egg pannini',37,6.99,NULL),(103,0,'light rye, swiss cheese, tomato, letuce, mustard','pastrami sandwich',38,5,NULL),(104,0,'noodles dish','penne rosa',39,8,NULL),(105,1,'Nutritional snack/energy bar','clif bar',40,NULL,NULL),(106,0,'italian sausage and veggies, I guess','Italian Wedding Soup',45,1.85,NULL),(107,0,'little burgers for the kids','mini burger w cheese',46,NULL,NULL),(108,0,'whole wheet pita bread, burger, shrooms, spinach, cheese','pita burger',47,NULL,NULL),(109,0,'kids love em','corndog',48,NULL,NULL),(110,0,'bowl of Special K cereal w milk','cereal, special K',49,NULL,NULL),(111,0,'from cafeteria','stir fry',51,5.5,NULL),(112,0,'buffalo link','buffalo hot dog',52,NULL,NULL),(113,0,'little frozen sausage patties','veggie breakfast sausage',53,NULL,NULL),(114,0,'bowl of ice cream','ice cream',54,NULL,NULL),(115,0,'Click here to enter description','little chewy granola bar',55,NULL,NULL),(116,0,'cup of slaw','cole slaw',56,NULL,NULL),(117,0,'slice of watermellon','watermellon',57,NULL,NULL),(118,0,'hmmm.','chocoloate chip cookie',58,NULL,NULL),(119,0,'hmmm.','ice cream cone',59,NULL,NULL),(120,1,'unsweetened','ice tea',60,NULL,NULL),(121,0,'sweetened','ice tea',61,NULL,NULL),(122,0,'Click here to enter description','rice bowl with chicken and beef',64,7,NULL),(123,0,'little round pizza','personnal pizza',65,NULL,NULL),(124,0,'Amy\'s Indian frozen thang','Mattar Paneer',66,NULL,NULL),(125,0,'Amy\'s Indian frozen thang','Palak Paneer',67,NULL,NULL),(126,0,'faster energy so they say','power bar gel',68,NULL,NULL),(127,0,'1 bag of Sun Original Flavor','Small Bag of Sun Chips',70,NULL,NULL),(128,0,'with veggies','noodles whole wheat linguini with chicken',71,NULL,NULL),(129,0,'nestles crunch','ice cream bar',72,NULL,NULL),(130,0,'prepackaged salad','salad to go',73,4,NULL),(131,0,'Basalmic Vinaigrette','packaged salad dressing, single serving',74,NULL,NULL),(132,0,'handfull of almonds','almonds',75,NULL,NULL),(133,0,'prepared salad','Chef\'s Salad',76,4.25,NULL),(134,0,'prepackaged salad','Garden Salad',77,3.69,NULL),(135,0,'packaged fig thangs','fig newmans',78,NULL,NULL),(136,0,'single apple','apple',79,NULL,NULL),(137,0,'love it.','amstel light beer',80,NULL,NULL),(138,1,'Bowl of Raison Bran w milk','Raison Bran',81,NULL,NULL),(139,0,'Large plate, 2 meatballs','Whole Wheat Pasta W Meatballs, marinara sauce',82,6.5,NULL),(140,1,'from CMC fountain','Powerade drink',83,NULL,NULL),(141,1,'maverick brand (believe it or not)','organic beef hot dog',84,NULL,NULL),(142,0,'Click here to enter description','test adding new foo',85,NULL,NULL),(143,0,'from cafeteria.','Gumbo',86,2.35,NULL),(144,0,'Astore. Belgian Dark Chocolate','Dark Chocolare bar',87,1.69,NULL),(145,0,'awesome','Mervin Breakfast Burrito',88,3,NULL),(146,0,'beef and bean chili','bowl of chili',89,2.35,NULL),(147,0,'Like Heinekin','beer, Amstel Light',90,NULL,NULL),(148,0,'filler','bread stick',91,NULL,NULL),(149,0,'low fat cottage cheese','Cottage Cheese, low fat',92,NULL,NULL),(150,0,'Yum','Raison toast',93,NULL,NULL),(151,0,'little orange vegetable.','carot',94,NULL,NULL),(152,0,'snack bag','small bag of chips',95,NULL,NULL),(153,0,'typically for breakfast','pork sausage',96,NULL,NULL),(154,0,'good ol\' bacon','pork bacon',97,NULL,NULL),(155,0,'big 10 inch','pancakes, large',98,NULL,NULL),(156,0,'6 oz','orange juice',99,NULL,NULL),(157,0,'microwavable','Amy\'s frozen Enchilada w cheese',100,NULL,NULL),(158,0,'whole wheat bun, cheese, bacon, veggies','Angus Burger',101,5.65,NULL),(159,0,'about 10','tater tots',102,NULL,NULL),(160,0,'Curried Peas & Cheese with Rice & Chana Masala','Amy\'s Indian Mattar Paneer',103,NULL,NULL),(161,0,'actII w butter','popcorn from vending machine',104,0.95,NULL),(162,0,'eggo frozen','waffle',105,NULL,NULL),(163,0,'from chilis','spare ribs',106,NULL,NULL),(164,0,'potatoes','French Fries',107,NULL,NULL),(165,0,'veggies','brocoli, steamed',108,NULL,NULL),(166,0,'like Egg McMuffin, but Mervin\'s ','McMervin Sandwich',109,2.59,NULL),(167,0,'a kind of wheat beer','Blue Moon beer',110,3.5,NULL),(168,1,'with beans, rice, cheese, guac, etc','Beef Fajitas',111,13,NULL),(169,0,'small bowl','cottage cheese',112,NULL,NULL),(170,0,'dutch','heineken beer',113,NULL,NULL),(171,0,'roasted','turkey leg',114,NULL,NULL),(172,0,'usually leftovers from some big meal','stuffing',115,NULL,NULL),(173,0,'sliced from cheese block','cheese slice',116,NULL,NULL),(174,1,'little, no seeds. aka cutie','mandarin orange',117,NULL,NULL),(175,0,'tiny candy','tootsie roll',118,NULL,NULL),(176,0,'one or two slices','banana bread',119,NULL,NULL),(177,0,'meat, veggies, fried rice','plate of Mongolian BBQ',120,5.65,NULL),(178,0,'pasta with cheese, tomato sauce, etc','lasagna',121,NULL,NULL),(179,0,'from cmc cafeteria','corn chowder',122,2.35,NULL),(180,0,'bread with tomato herb stuff','parceta',123,NULL,NULL),(181,0,'wine with fruit','sangria',124,NULL,NULL),(182,0,'crazy bread','bread stick',125,1,NULL),(183,0,'veggies, chicken, herbs, pasta, french tomato sauce','veggie w chicken saute',126,6,NULL),(184,0,'Indian fried thing filled with veggies','Samosa',127,NULL,NULL),(185,0,'will describe correctly later','veggie thing with nuts',128,NULL,NULL),(186,0,'8 oz. container','yogurt serving',129,NULL,NULL),(187,0,'small granola bar','Quaker Chewy Granola Bar',130,NULL,NULL),(188,0,'with cheese','turkey pastrami sandwidch',131,NULL,NULL),(189,0,'generic label','candy bar',132,NULL,NULL),(190,0,'','spinach pasta with sauce',133,NULL,NULL),(191,0,'decorated etc','Christmas cookie',134,NULL,NULL),(192,0,'heavy on the heavy','Tuna Caserole',135,5,NULL),(193,0,'like for xmas dinner','Turkey slices',136,NULL,NULL),(194,0,'and gravy','mashed potatos',137,NULL,NULL),(195,1,'single slice.','pecan pie',138,NULL,NULL),(196,0,'slice yum!','apple pie',139,NULL,NULL),(197,0,'bowl of cheerios with milk','cheerios',140,NULL,NULL),(198,0,'2 or 3','oreo cookies',141,NULL,NULL),(199,0,'from wherever','misc candy',142,NULL,NULL),(200,1,'frozen lunch','Kahiki General Tao Chicken',143,NULL,NULL),(201,0,'small cereal bar','Special K bar',144,NULL,NULL),(202,0,'for kids','chicken hot dog',145,NULL,NULL),(203,0,'from CMC deli','chicken Ceasar Sandwich',146,4.5,NULL),(204,0,'mexican beer?','corona beer',147,NULL,NULL),(205,0,'with sauce','Spaghetti w/sauce',148,NULL,NULL),(206,0,'for spaghetti','turkey meat balls',149,NULL,NULL),(207,0,'from cmc','Fried Chicken Thigh',150,NULL,NULL),(208,0,'from cmc','fried chicken breast',151,NULL,NULL),(209,0,'steamed','green beans',152,NULL,NULL),(210,0,'kernels only','corn',153,NULL,NULL),(211,0,'with spices','Salmon steak',154,NULL,NULL),(212,0,'rocks, no salt','margarita',155,NULL,NULL),(213,0,'tortilla and cheese','que sadillas',156,NULL,NULL),(214,0,'frozen lunch','Kashi Sweet and Sour Chicken',157,NULL,NULL),(215,0,'two egg w cheese','cheese omlet',158,NULL,NULL),(216,0,'sliced','roast beef',159,NULL,NULL),(217,0,'wheat bread, ham, cheese, spinach','Ham Sandwich w cheese',160,NULL,NULL),(218,0,'fairly nutritional one','pop tart',161,NULL,NULL),(219,0,'with light dressing','Spinach Salad',162,NULL,NULL),(220,0,'meal #2','taco bell stuft burito',163,6,NULL),(221,0,'bar food','chicken wings',164,NULL,NULL),(222,0,'fine beer','Stella Artios',165,NULL,NULL),(223,0,'stealing the kids snacks!','handful of doritos',166,NULL,NULL),(224,1,'fruit, soy milk, honey','fruit shake',167,NULL,NULL),(225,0,'beef with noodles and creamy sauce','Beef stroganov',168,NULL,NULL),(226,0,'red wine','Red Wine',169,NULL,NULL),(227,0,'Alice\'s Recipe','Vegetable Soup',170,NULL,NULL),(228,0,'with greens','Cheeseburger',171,NULL,NULL),(229,0,'light beer','beer, Bud Light',172,NULL,NULL),(230,0,'from CMC deli','Chicken Ceasar Wrap',173,4.79,NULL),(231,0,'all natural (?) frozen meal','Chicken Pasta Pomodoro',174,NULL,NULL),(232,0,'whole wheat','bagel',175,NULL,NULL),(233,0,'random sized schmeer','peanut butter',176,NULL,NULL),(234,0,'baked potato, butter','baked potato',177,NULL,NULL),(235,0,'from safeway','rotisserie chicken',178,NULL,NULL),(236,0,'white wine','white wine',179,NULL,NULL),(237,0,'typical like at baseball game','hot dog',180,5,NULL),(238,0,'White Meat Chicken with angel hair pasta & roasted garlic in balsamic Vinaigrette sauce','Healthy Choice Chicken Margherita',181,NULL,NULL),(239,0,'no antibiotics','Sheltons\'s Turkey Sausage Patties',182,NULL,NULL),(240,0,'from take out','Egg Role',183,NULL,NULL),(241,0,'chicken, noodles, veggies','healthy choice chicken marinara',184,NULL,NULL),(242,0,'smothered','Wahoo\'s Carnitas Burrito',185,9,NULL),(243,0,'bread with honey','bread with honey',186,NULL,NULL),(244,0,'from our very own bees','natural honey',187,NULL,NULL),(245,0,'from CMC','beef barley soup',188,2,NULL),(246,0,'for sweetener/protein','honey, tablespoon',189,NULL,NULL),(247,0,'Arlene\'s bean soup from WBP','bean soup',190,NULL,NULL),(248,0,'mozarrella?','string cheese',191,NULL,NULL),(249,0,'large','chicken ceasar salad',192,NULL,NULL);
/*!40000 ALTER TABLE `food` ENABLE KEYS */;
UNLOCK TABLES;

--
-- Table structure for table `food_ref`
--

DROP TABLE IF EXISTS `food_ref`;
SET @saved_cs_client     = @@character_set_client;
SET character_set_client = utf8;
CREATE TABLE `food_ref` (
  `id` bigint(20) NOT NULL auto_increment,
  `version` bigint(20) NOT NULL,
  `food_id` bigint(20) NOT NULL,
  `meal_id` bigint(20) default NULL,
  PRIMARY KEY  (`id`),
  KEY `FK16A39532D792211A` (`food_id`),
  KEY `FK16A39532380EAAFA` (`meal_id`)
) ENGINE=MyISAM AUTO_INCREMENT=1145 DEFAULT CHARSET=latin1;
SET character_set_client = @saved_cs_client;

--
-- Dumping data for table `food_ref`
--

LOCK TABLES `food_ref` WRITE;
/*!40000 ALTER TABLE `food_ref` DISABLE KEYS */;
INSERT INTO `food_ref` VALUES (1,3,7,1),(2,3,8,1),(3,0,9,3),(4,3,2,1),(5,2,5,10),(6,2,10,10),(7,0,12,12),(8,0,14,13),(9,0,2,13),(10,0,17,14),(11,0,5,15),(12,0,14,15),(13,0,2,15),(14,0,3,16),(15,0,18,16),(16,0,21,17),(17,0,20,17),(18,0,19,17),(19,0,22,17),(20,0,23,17),(21,0,2,18),(22,0,26,19),(23,0,5,20),(24,0,27,20),(25,0,3,21),(26,0,26,21),(27,0,28,21),(28,0,3,22),(29,0,29,23),(30,0,2,24),(31,0,9,24),(32,0,30,24),(33,0,30,24),(34,0,31,25),(35,0,5,26),(36,0,2,26),(37,0,3,26),(38,0,3,27),(39,0,26,27),(40,0,32,27),(41,0,2,28),(42,0,34,28),(43,0,35,29),(44,0,26,29),(45,0,2,31),(46,0,37,31),(47,0,38,32),(48,0,39,32),(49,0,38,33),(50,0,40,33),(51,0,2,35),(52,0,37,35),(53,0,26,36),(54,0,40,36),(55,0,35,37),(56,0,2,39),(57,0,26,40),(58,0,40,40),(59,0,43,40),(60,0,44,41),(61,0,1,42),(62,0,8,42),(63,0,15,42),(66,0,27,44),(65,0,2,44),(67,0,46,45),(68,0,26,45),(69,0,47,46),(70,0,49,46),(71,0,48,46),(72,0,2,49),(73,0,5,49),(74,0,5,49),(75,0,50,49),(76,0,51,49),(77,0,52,48),(78,0,53,48),(79,0,54,50),(80,0,26,50),(81,0,2,52),(82,0,7,52),(83,0,55,52),(84,0,56,53),(85,0,38,55),(86,0,57,55),(87,0,38,55),(88,0,38,56),(89,0,26,56),(90,0,18,56),(91,0,2,57),(94,0,2,58),(93,0,50,57),(95,0,58,58),(96,0,59,59),(97,0,3,60),(98,0,26,60),(99,0,44,61),(100,0,60,62),(101,0,42,62),(102,0,62,63),(103,0,61,63),(104,0,3,64),(105,0,1,65),(106,0,42,65),(107,0,63,66),(108,0,26,66),(109,0,38,67),(110,0,64,67),(111,0,65,70),(112,0,65,70),(113,0,65,70),(114,0,20,70),(115,0,26,69),(116,0,66,69),(117,0,67,69),(118,0,1,68),(119,0,42,68),(120,0,58,71),(121,0,2,71),(122,0,7,71),(123,0,68,71),(124,0,1,74),(125,0,9,74),(126,0,69,75),(127,0,70,75),(128,0,1,78),(129,3,38,1),(130,3,1,1),(131,0,6,6),(132,0,6,6),(133,0,80,85),(134,0,81,85),(135,0,2,86),(136,0,2,87),(137,0,42,87),(140,0,83,87),(139,0,60,87),(141,0,84,88),(142,0,26,88),(143,0,85,89),(144,0,15,90),(145,0,26,90),(146,0,60,91),(147,0,83,91),(148,0,6,92),(149,0,25,92),(150,0,85,92),(151,0,38,93),(152,0,68,93),(153,0,6,93),(154,0,38,94),(155,0,40,95),(156,0,86,95),(157,0,2,96),(158,0,38,97),(159,0,29,97),(160,0,68,97),(161,0,87,97),(162,0,2,98),(163,0,7,98),(164,0,5,98),(165,0,6,99),(166,0,29,100),(167,0,38,100),(168,0,88,100),(169,0,60,101),(170,0,2,101),(171,0,89,101),(172,0,90,101),(173,0,85,103),(174,0,42,104),(175,0,60,104),(176,0,25,105),(177,0,57,105),(178,0,91,106),(179,0,38,108),(180,0,92,108),(181,0,68,108),(182,0,2,109),(183,0,93,109),(184,0,1,109),(185,0,26,111),(186,0,94,111),(187,0,19,112),(188,0,19,112),(189,0,95,112),(190,0,95,112),(191,0,38,114),(192,0,92,114),(193,0,96,114),(194,1,88,115),(195,0,97,115),(196,0,2,116),(197,0,5,116),(198,0,98,116),(199,0,94,117),(200,0,46,117),(201,0,68,119),(202,0,99,119),(203,0,9,120),(204,0,2,120),(205,0,40,121),(206,0,38,122),(207,0,2,123),(208,0,100,123),(209,0,40,124),(210,0,92,127),(211,0,2,128),(212,0,5,128),(213,0,2,128),(214,0,101,129),(215,0,61,129),(216,0,40,130),(217,0,38,130),(218,0,2,132),(219,0,7,132),(220,0,38,133),(221,0,54,133),(222,0,38,134),(223,0,102,135),(224,0,103,136),(225,0,104,137),(226,0,46,139),(227,0,26,139),(228,0,2,141),(229,0,105,141),(230,0,61,141),(231,0,40,142),(232,0,29,142),(233,0,38,143),(234,0,38,143),(235,0,10,143),(236,0,2,144),(237,0,7,144),(238,0,51,144),(239,0,51,144),(240,0,10,145),(241,0,50,146),(242,0,61,146),(246,0,106,159),(244,0,26,149),(247,0,26,159),(248,0,107,160),(249,0,38,161),(250,0,60,163),(251,0,42,163),(252,0,83,163),(253,0,92,164),(254,0,38,164),(255,0,57,164),(256,0,31,162),(257,0,2,166),(258,0,26,167),(259,0,108,167),(260,0,2,174),(261,0,26,185),(262,0,12,185),(263,0,2,183),(264,0,110,183),(265,0,38,186),(266,0,57,186),(267,0,5,187),(268,0,2,187),(269,0,26,188),(270,0,111,188),(271,0,38,191),(272,0,7,193),(273,0,2,193),(280,0,40,194),(275,0,26,194),(276,0,38,195),(277,0,112,195),(278,0,85,195),(279,0,6,194),(281,0,2,196),(282,0,110,196),(283,0,113,196),(284,0,2,198),(285,0,5,198),(286,0,26,199),(287,0,32,199),(288,0,114,201),(289,0,70,201),(290,0,2,202),(291,0,110,202),(292,0,113,202),(293,0,113,202),(294,0,113,202),(295,0,115,202),(296,0,4,203),(297,0,82,203),(298,0,116,203),(299,0,117,203),(300,0,118,203),(301,0,119,203),(302,0,120,203),(303,0,7,204),(304,0,37,205),(305,0,5,205),(306,0,2,205),(307,0,122,206),(308,0,38,207),(309,0,123,207),(310,0,19,207),(311,0,124,210),(312,0,125,211),(313,0,38,212),(314,0,100,211),(315,0,46,213),(316,0,26,213),(317,0,2,214),(318,0,7,214),(319,0,93,214),(320,0,46,215),(321,0,26,215),(322,0,127,215),(323,0,128,216),(324,0,129,216),(325,0,88,216),(326,0,2,217),(327,0,113,217),(328,0,113,217),(329,0,113,217),(330,0,113,217),(331,0,110,217),(332,0,130,219),(333,0,26,219),(334,0,29,220),(335,0,38,220),(336,0,7,224),(337,0,2,224),(338,0,105,224),(339,0,26,226),(340,0,111,226),(341,0,5,227),(342,0,2,227),(343,0,132,227),(344,0,44,229),(345,0,7,230),(346,0,2,230),(347,0,9,230),(348,0,57,231),(349,0,103,231),(350,0,127,231),(351,0,34,231),(352,0,19,232),(353,0,29,232),(354,0,2,233),(355,0,132,233),(356,0,26,234),(357,0,133,234),(358,0,26,236),(359,0,46,236),(360,0,134,236),(361,0,99,249),(362,0,20,249),(363,0,2,250),(364,0,7,250),(365,0,134,251),(366,0,57,251),(367,0,25,251),(368,0,46,252),(369,0,26,252),(370,0,2,253),(371,0,135,253),(372,0,10,254),(373,0,1,255),(374,0,1,9),(375,0,39,256),(376,1,51,10),(377,0,6,10),(378,2,1,1),(379,1,1,1),(380,0,1,1),(381,1,38,259),(382,0,38,259),(383,3,2,260),(384,2,8,260),(385,1,7,260),(386,0,136,260),(387,4,92,261),(388,3,38,261),(389,2,88,261),(392,1,138,262),(391,0,137,261),(393,0,2,262),(394,1,139,263),(395,0,140,263),(398,0,34,264),(397,1,141,264),(399,5,7,265),(400,4,2,265),(401,3,138,265),(404,2,113,265),(405,1,113,265),(406,0,113,265),(407,1,143,267),(408,0,144,267),(409,1,138,269),(410,0,7,269),(411,1,145,270),(412,0,42,270),(413,1,146,271),(414,0,140,271),(415,4,6,272),(416,3,6,272),(417,2,6,272),(418,1,147,272),(419,0,148,272),(420,2,2,273),(421,1,7,273),(422,0,138,273),(423,0,39,275),(424,1,38,276),(425,0,92,276),(426,4,2,277),(427,3,149,277),(428,2,150,277),(429,1,150,277),(430,0,151,277),(431,3,2,278),(432,2,150,278),(433,1,113,278),(434,0,113,278),(435,0,94,279),(436,2,92,280),(437,1,85,280),(438,0,152,280),(439,6,90,281),(440,5,2,281),(441,4,138,281),(442,3,153,281),(443,2,154,281),(444,1,155,281),(445,0,156,281),(446,0,157,282),(447,2,158,287),(448,1,140,287),(449,0,159,287),(450,3,2,288),(451,2,14,288),(452,1,14,288),(453,0,14,288),(454,0,94,289),(455,0,161,290),(456,3,14,291),(457,2,14,291),(458,1,2,291),(459,0,42,291),(460,1,6,293),(461,0,57,293),(462,0,134,292),(463,1,138,294),(464,0,2,294),(465,2,2,295),(466,1,5,295),(467,0,162,295),(468,2,146,296),(469,1,140,296),(470,0,144,296),(471,0,160,297),(472,2,163,298),(473,1,164,298),(474,0,165,298),(475,2,42,299),(476,1,5,299),(477,0,7,299),(478,1,139,300),(479,0,140,300),(480,2,160,301),(481,1,140,301),(482,0,144,301),(483,1,125,303),(484,0,140,303),(485,1,150,304),(486,0,2,304),(487,1,166,305),(488,0,42,305),(489,1,160,306),(490,0,140,306),(491,0,152,307),(492,2,150,308),(493,1,2,308),(496,0,168,309),(495,1,167,309),(497,0,150,308),(498,2,150,310),(499,1,2,310),(500,0,169,310),(501,4,2,311),(502,3,162,311),(503,2,162,311),(504,1,113,311),(505,0,113,311),(506,1,2,312),(507,0,5,312),(508,1,170,313),(509,0,88,313),(510,0,171,314),(511,1,2,315),(512,0,150,315),(513,3,170,316),(514,2,172,316),(515,1,149,316),(516,0,9,316),(517,3,92,317),(518,2,57,317),(519,1,173,317),(520,0,173,317),(521,4,2,318),(522,3,138,318),(523,2,174,318),(524,1,174,318),(525,0,174,318),(526,1,25,319),(527,0,140,319),(528,0,175,320),(529,2,128,321),(530,1,26,321),(531,0,132,321),(532,1,174,322),(533,0,2,322),(534,2,176,323),(535,1,118,323),(536,0,140,323),(537,2,134,324),(538,1,124,324),(539,0,140,324),(540,1,177,325),(541,0,140,325),(542,1,132,326),(543,0,172,326),(544,4,20,327),(545,3,178,327),(546,2,10,327),(547,1,143,328),(548,0,140,328),(549,1,179,329),(550,0,140,329),(551,1,138,330),(552,0,2,330),(553,1,180,327),(554,0,181,327),(555,2,132,331),(556,1,2,331),(557,0,138,331),(558,0,4,332),(559,0,2,333),(560,0,38,334),(561,1,2,335),(562,0,30,335),(563,1,54,336),(564,0,46,336),(565,0,88,337),(566,1,124,338),(567,0,140,338),(568,2,137,339),(569,1,150,339),(570,0,128,339),(571,4,2,340),(572,3,2,340),(573,2,150,340),(574,1,30,340),(575,0,30,340),(576,3,140,341),(577,2,124,341),(578,1,29,341),(579,0,38,341),(580,3,6,342),(581,2,6,342),(582,1,182,342),(583,0,170,342),(584,1,146,343),(585,0,26,343),(586,0,2,344),(587,1,6,345),(588,0,2,345),(589,0,183,346),(590,1,184,347),(591,0,185,347),(592,3,186,348),(593,2,174,348),(594,1,2,348),(595,0,6,348),(596,3,187,349),(597,2,188,349),(598,1,185,349),(599,1,189,349),(600,0,34,349),(601,2,114,350),(602,1,88,350),(603,0,138,350),(604,2,2,351),(605,1,150,351),(606,0,7,351),(607,2,2,353),(608,1,138,353),(609,0,42,353),(610,5,185,354),(611,4,114,354),(612,3,88,354),(613,2,57,354),(614,1,189,354),(615,2,190,352),(618,0,191,354),(617,0,10,352),(619,2,46,355),(620,1,15,355),(621,0,26,355),(622,1,137,356),(623,0,88,356),(624,1,2,358),(625,0,150,358),(626,4,2,359),(627,3,7,359),(628,2,191,359),(629,1,120,359),(630,0,103,359),(631,3,46,360),(634,0,26,360),(633,1,94,360),(635,1,149,362),(636,0,2,362),(637,1,192,363),(638,0,192,363),(639,4,193,364),(640,3,194,364),(641,3,195,364),(642,2,26,364),(643,2,2,365),(644,1,138,365),(645,0,5,365),(646,1,196,364),(647,0,195,364),(648,3,124,366),(649,2,188,366),(650,1,26,366),(651,0,189,366),(652,1,2,367),(653,0,138,367),(654,1,2,374),(655,0,58,374),(656,2,2,376),(657,1,149,376),(658,0,197,376),(659,3,29,377),(660,2,152,377),(661,1,149,377),(662,0,198,377),(663,1,88,378),(664,2,2,379),(665,1,150,379),(666,0,197,379),(667,0,88,381),(668,0,44,382),(669,0,97,378),(670,1,166,383),(671,0,42,383),(672,0,199,384),(673,1,144,385),(674,0,54,385),(675,3,197,386),(676,2,2,386),(677,1,136,386),(678,1,199,387),(679,2,29,388),(680,1,200,388),(681,0,5,387),(682,0,140,388),(683,2,92,389),(684,1,115,389),(685,3,197,390),(686,2,2,390),(687,0,136,389),(688,0,136,386),(696,0,6,392),(695,0,199,391),(691,2,140,391),(692,1,14,390),(693,0,14,390),(694,1,46,391),(697,5,2,393),(698,4,14,393),(699,3,200,394),(700,2,146,394),(702,0,26,394),(703,3,113,393),(704,2,113,393),(705,1,113,393),(706,0,113,393),(707,0,132,395),(708,3,197,396),(709,2,136,396),(710,1,2,396),(711,0,132,396),(712,2,92,397),(713,1,124,397),(714,0,26,397),(715,2,57,398),(716,1,6,398),(717,0,132,398),(718,3,90,399),(719,2,90,399),(720,1,156,399),(721,0,2,399),(722,0,132,400),(723,3,197,402),(724,2,2,402),(725,1,132,402),(726,0,201,402),(727,3,202,403),(728,2,92,403),(729,1,201,403),(730,0,132,403),(731,3,6,404),(732,2,6,404),(733,1,57,404),(734,0,132,404),(735,3,197,405),(736,2,2,405),(737,1,2,405),(738,0,132,405),(743,1,204,407),(740,2,26,406),(741,1,203,406),(742,0,94,406),(744,0,132,407),(745,2,5,408),(746,1,2,408),(747,0,132,408),(748,1,94,409),(749,0,26,409),(750,1,205,410),(751,0,206,410),(752,2,60,411),(753,1,83,411),(754,0,140,411),(755,4,194,412),(756,3,207,412),(757,2,208,412),(758,1,209,412),(759,0,210,412),(760,2,6,413),(761,1,6,413),(762,0,85,413),(763,2,2,414),(764,1,132,414),(765,0,136,414),(766,1,124,415),(767,0,26,415),(768,1,124,416),(769,0,26,416),(770,1,6,417),(771,0,57,417),(772,1,88,418),(773,0,26,418),(774,1,197,419),(775,0,2,419),(776,1,123,420),(777,0,85,420),(778,1,99,421),(779,0,57,421),(780,2,2,422),(781,1,136,422),(782,0,149,422),(783,2,14,424),(784,1,2,424),(785,0,201,424),(786,1,25,425),(787,0,57,425),(788,2,150,426),(789,1,2,426),(790,0,197,426),(791,2,6,427),(792,1,6,427),(793,0,204,427),(794,1,2,428),(795,0,14,428),(796,1,211,429),(797,0,212,429),(798,1,197,430),(799,0,2,430),(800,1,54,431),(801,0,140,431),(802,3,6,432),(803,2,6,432),(804,1,6,432),(805,0,57,432),(806,1,197,433),(807,0,42,433),(808,1,136,434),(809,0,18,434),(810,1,18,435),(811,0,26,435),(817,0,213,438),(813,2,2,436),(814,1,150,436),(815,0,124,437),(816,0,197,436),(818,2,14,440),(819,1,14,440),(820,0,2,440),(821,2,124,441),(822,1,16,441),(823,0,26,441),(824,0,124,445),(825,3,6,446),(826,2,150,446),(827,1,149,446),(828,0,197,446),(829,1,124,447),(830,0,26,447),(831,1,14,448),(832,0,2,448),(833,1,214,449),(834,0,26,449),(835,0,145,450),(836,1,215,451),(837,0,215,451),(838,1,216,452),(839,0,23,452),(840,2,197,453),(841,1,2,453),(842,0,7,453),(843,2,217,454),(844,1,57,454),(845,0,88,454),(846,1,14,455),(847,0,26,455),(848,1,94,456),(849,0,26,456),(850,1,2,457),(851,0,218,457),(852,3,150,458),(853,2,2,458),(854,1,14,458),(855,0,34,458),(856,1,219,459),(857,0,217,459),(858,2,6,460),(859,1,6,460),(860,0,85,460),(861,0,220,461),(862,1,2,462),(863,0,176,462),(864,1,221,463),(865,0,222,463),(866,1,197,464),(867,0,2,464),(868,1,124,465),(869,0,26,465),(870,0,124,466),(871,1,2,467),(872,0,223,467),(873,2,14,469),(874,1,224,469),(875,0,2,469),(876,1,46,471),(877,0,85,471),(878,2,225,472),(879,1,226,472),(880,0,225,472),(881,1,225,473),(882,0,52,473),(883,1,224,474),(884,0,42,474),(885,1,2,476),(886,0,7,476),(887,1,224,478),(888,0,2,478),(889,2,1,479),(890,1,2,479),(891,0,136,479),(892,1,224,481),(893,0,10,481),(894,1,197,482),(895,0,2,482),(896,1,224,483),(897,0,2,483),(898,1,46,484),(899,0,227,484),(900,1,228,485),(901,0,229,485),(902,1,197,486),(903,0,2,486),(904,1,139,487),(905,0,229,487),(906,2,197,488),(907,1,2,488),(908,0,60,488),(909,1,46,489),(910,0,26,489),(911,1,6,490),(912,0,6,490),(913,5,14,492),(914,4,150,492),(915,3,90,492),(916,2,30,492),(917,1,30,492),(918,0,30,492),(919,1,1,493),(920,0,2,493),(921,0,2,496),(922,0,2,496),(923,2,46,497),(924,1,26,497),(925,0,124,497),(926,1,230,498),(927,0,26,498),(928,0,6,499),(929,0,146,501),(930,0,7,502),(931,1,14,503),(932,0,2,503),(933,3,231,504),(934,2,26,504),(935,1,15,504),(936,0,85,504),(937,0,157,505),(938,3,136,506),(939,2,232,506),(940,1,2,506),(941,0,233,506),(942,0,4,507),(943,2,138,508),(944,1,2,508),(945,0,30,508),(946,0,4,509),(947,2,137,510),(948,1,29,510),(949,0,10,510),(950,1,138,511),(951,0,2,511),(952,2,3,512),(953,1,85,512),(954,0,85,512),(955,2,66,513),(956,1,103,513),(957,0,26,513),(958,0,30,514),(959,2,224,515),(960,1,50,515),(961,0,2,515),(962,1,2,516),(963,0,14,516),(964,1,46,517),(965,0,26,517),(966,0,2,518),(967,2,234,519),(968,1,235,519),(969,0,236,519),(970,2,2,520),(971,1,110,520),(972,0,132,520),(973,2,224,521),(974,1,110,521),(975,0,2,521),(976,2,146,522),(977,1,64,522),(978,0,57,522),(979,2,110,523),(980,1,2,523),(981,0,14,523),(982,0,94,524),(983,1,7,525),(984,0,132,525),(985,1,2,526),(986,0,110,526),(987,3,237,527),(988,2,85,527),(989,1,88,527),(990,0,114,527),(991,1,14,528),(992,0,2,528),(993,2,238,529),(994,1,26,529),(995,0,18,529),(996,5,2,530),(997,4,110,530),(998,3,132,530),(999,1,132,531),(1000,0,5,531),(1001,2,214,532),(1002,1,32,532),(1003,0,26,532),(1004,2,239,530),(1005,1,239,530),(1006,0,239,530),(1007,1,123,533),(1008,0,240,533),(1009,0,241,534),(1010,0,242,535),(1011,1,2,537),(1012,0,150,537),(1013,2,6,538),(1014,1,26,538),(1015,0,199,538),(1016,2,2,539),(1017,1,149,539),(1018,0,150,539),(1019,0,243,540),(1020,1,150,541),(1021,0,244,541),(1022,1,41,542),(1023,0,42,542),(1024,0,245,543),(1025,1,1,545),(1026,0,2,545),(1027,1,70,547),(1028,0,188,547),(1029,1,224,549),(1030,0,2,549),(1031,3,90,550),(1032,2,2,550),(1033,1,30,550),(1034,0,239,550),(1035,2,224,551),(1036,1,132,551),(1037,0,2,551),(1038,1,238,552),(1039,0,26,552),(1040,1,14,553),(1041,0,246,553),(1042,2,134,554),(1043,1,132,554),(1044,0,247,554),(1045,2,149,555),(1046,1,224,555),(1047,0,2,555),(1048,1,228,556),(1049,0,57,556),(1050,1,224,557),(1051,0,2,557),(1052,2,92,558),(1053,1,4,558),(1054,0,26,558),(1055,1,149,559),(1056,0,132,559),(1057,1,224,560),(1058,0,14,560),(1059,0,124,561),(1060,2,46,562),(1061,1,125,562),(1062,0,26,562),(1063,3,2,563),(1064,2,132,563),(1069,2,6,564),(1066,0,224,563),(1068,3,26,564),(1070,1,207,564),(1071,0,224,564),(1072,0,2,567),(1073,2,2,568),(1074,1,90,568),(1075,0,132,568),(1076,3,110,571),(1077,2,2,571),(1078,1,248,571),(1079,0,224,571),(1080,2,224,575),(1081,1,2,575),(1082,0,132,575),(1083,2,125,576),(1084,1,3,576),(1085,0,26,576),(1086,1,249,577),(1087,0,120,577),(1088,1,1,578),(1089,0,2,578),(1090,2,136,579),(1091,1,12,580),(1092,0,26,580),(1093,1,166,579),(1094,0,2,579),(1095,0,6,583),(1096,2,2,584),(1097,1,224,584),(1098,0,132,584),(1099,1,3,585),(1100,0,57,585),(1101,2,224,586),(1102,1,2,586),(1103,0,132,586),(1104,2,149,587),(1105,1,224,587),(1106,0,132,587),(1107,3,224,588),(1108,2,2,588),(1109,1,132,588),(1110,1,241,589),(1112,1,168,590),(1113,0,26,590),(1114,0,46,589),(1115,3,224,593),(1116,2,32,593),(1117,1,31,593),(1118,0,26,593),(1119,0,2,594),(1120,1,235,592),(1121,0,57,592),(1122,2,224,595),(1123,1,2,595),(1124,0,132,595),(1125,2,224,597),(1126,1,2,597),(1127,0,132,597),(1128,2,224,599),(1129,1,132,599),(1130,0,2,599),(1131,1,134,600),(1132,0,149,600),(1133,3,15,601),(1134,2,57,601),(1135,1,92,601),(1136,0,132,601),(1137,0,46,602),(1138,0,26,602),(1139,0,128,603),(1140,1,110,604),(1141,0,2,604),(1142,0,46,605),(1143,1,149,606),(1144,0,132,606);
/*!40000 ALTER TABLE `food_ref` ENABLE KEYS */;
UNLOCK TABLES;

--
-- Table structure for table `meal`
--

DROP TABLE IF EXISTS `meal`;
SET @saved_cs_client     = @@character_set_client;
SET character_set_client = utf8;
CREATE TABLE `meal` (
  `id` bigint(20) NOT NULL auto_increment,
  `version` bigint(20) NOT NULL,
  `athlete_id` bigint(20) default NULL,
  `date` datetime NOT NULL,
  `description` varchar(255) NOT NULL,
  `name` varchar(255) NOT NULL,
  `cost` float default NULL,
  `animation` varchar(255) default NULL,
  PRIMARY KEY  (`id`),
  KEY `FK3313C330B03D3A` (`athlete_id`),
  KEY `FK3313C34F96694E` (`athlete_id`)
) ENGINE=MyISAM AUTO_INCREMENT=611 DEFAULT CHARSET=latin1;
SET character_set_client = @saved_cs_client;

--
-- Dumping data for table `meal`
--

LOCK TABLES `meal` WRITE;
/*!40000 ALTER TABLE `meal` DISABLE KEYS */;
INSERT INTO `meal` VALUES (1,4,1,'2008-02-03 08:10:00','light breakfast','breakfast',10,NULL),(2,0,1,'2008-02-03 11:19:00','','lunch',NULL,NULL),(3,0,1,'2008-02-05 08:12:00','','breakfast',NULL,NULL),(4,0,1,'2008-02-09 12:12:00','at noodles with Luka','lunch',NULL,NULL),(5,2,1,'2008-02-09 17:13:00','grilled cheesburger','dinner',NULL,'http://www.youtube.com/v/DhZwU3Cp0Pc&hl=en'),(6,2,1,'2008-02-10 18:27:00','Had a Pacific Plantation pizza and a diet coke. Ate half and took rest home. al rocks','Dinner at Beu Jo\'s',25,NULL),(7,1,1,'2008-02-13 09:54:00','light breakfast. had a bagel','breakfast',NULL,NULL),(8,0,1,'2008-02-14 07:30:00','little bagels we got for the kids','mini bagel, wheat',NULL,NULL),(9,0,1,'2008-02-14 11:30:00','soup with the boys','lunch',NULL,NULL),(10,2,1,'2008-02-15 08:35:00','light dinner at home','dinner',NULL,NULL),(11,0,1,'2008-02-15 08:15:00','Oatmeal, coffee, apex bar','breakfast',NULL,NULL),(12,0,1,'2008-02-17 11:40:00','lunch with arlene at sweet tomatos','lunch',NULL,NULL),(13,0,1,'2008-02-18 07:37:00','oatmeal and coffee','breakfast',NULL,NULL),(14,0,1,'2008-02-19 18:50:00','cheesburger','dinner',NULL,NULL),(15,0,1,'2008-02-20 08:38:00','yogurt, oatmeal, coffee','breakfast',NULL,NULL),(16,0,1,'2008-02-20 12:25:00','soup, sandwich, soda','lunch',NULL,NULL),(17,0,1,'2008-02-20 17:31:00','Went to Bonefish Grill and had a fish place with a rich spinache sauce, bread, fish taco, and two beers. ','Big Dinner out with Work guys',NULL,NULL),(18,0,1,'2008-02-25 11:38:00','coffee, mervin omelet.','breakfast',NULL,NULL),(19,0,1,'2008-02-25 12:28:00','turkey soup, and diet soda','lunch',NULL,NULL),(20,1,1,'2008-02-27 10:19:00','coffe, english muffin, yogurt','breakfast',NULL,NULL),(21,0,1,'2008-02-26 11:30:00','soup, sandwich, soda','lunch',NULL,NULL),(22,0,1,'2008-02-26 17:25:00','turkey sandwich','dinner',NULL,NULL),(23,0,1,'2008-02-27 21:03:00','hamburger patty, 2 diet sodas','dinner',NULL,NULL),(24,0,1,'2008-02-28 07:32:00','coffee, mini bagel with cream cheese, two slices of bacon','breakfast',NULL,NULL),(25,0,1,'2008-02-28 14:47:00','at LosDosPortillos','lunch with Tony, Mark, Don, Jim, Doug',NULL,NULL),(26,0,1,'2008-03-06 12:35:00','coffee, yogurt, sandwich','breakfast',NULL,NULL),(27,0,1,'2008-03-06 11:05:00','soup, sandwich, soda','lunch',NULL,NULL),(28,0,1,'2008-03-07 07:44:00','coffee, chips','breakfast',NULL,NULL),(29,0,1,'2008-03-06 17:47:00','Me Pasta Rosa, him Wisc. MacNCheese','dinner at Noodles with Luka',NULL,NULL),(30,0,1,'2008-03-07 22:13:00','junk food','taco bell burrito supreme',NULL,NULL),(31,1,1,'2008-03-09 09:53:00','coffee, Arlene\'s pumpkin muffins','breakfast',NULL,NULL),(32,0,1,'2008-03-08 20:57:00','frozen burrito with cheese, harvest burger','late dinner',NULL,NULL),(33,0,1,'2008-03-08 15:07:00','frozen indian meal with harvest burger','dinner',NULL,NULL),(34,0,1,'2008-03-09 11:12:00','Egg Spinach cheese bagel sandwich, coffee','Lunch at Einsteins Bagels',NULL,NULL),(35,0,1,'2008-03-10 07:41:00','coffee, ','breakfast',NULL,NULL),(36,0,1,'2008-03-10 13:52:00','Ethnic Goumet Chicken thing and a soda','lunch',NULL,NULL),(37,0,1,'2008-03-10 18:04:00','Him mac n cheese, me curly noodles n water','dinner with Luka at noodles',NULL,NULL),(38,0,1,'2008-03-11 19:43:00','At the rest of my noodles dinner from last night','dinner',NULL,NULL),(39,0,1,'2008-03-12 09:14:00','banana with aidan','breakfast',NULL,NULL),(40,1,1,'2008-03-12 13:47:00','Ethnic Gourmet, cream of brocoli soup, large diet soda, a couple tootsie rolls.','lunch',NULL,NULL),(41,0,1,'2008-03-12 21:15:00','dinner with Luka at Noodles','dinner',NULL,NULL),(44,0,1,'2008-03-13 09:27:00','coffee, english muffin w peanut butter','breakfast',NULL,NULL),(45,0,1,'2008-03-13 13:37:00','EdZilla wrap, large diet soda','lunch',NULL,NULL),(48,3,1,'2008-03-13 16:22:00','handful of cheetos, light beer (16oz)','dinner',NULL,NULL),(49,0,1,'2008-03-14 07:27:00','coffee, yogurt x2, turkey bacon, donut','breakfast',NULL,NULL),(50,0,1,'2008-03-14 12:56:00','clam chowder from cafeteria, large soda','lunch',NULL,NULL),(51,0,1,'2008-03-14 15:59:00','two harvest burgers, diet soda','dinner',NULL,NULL),(52,2,1,'2008-03-15 08:07:00','coffee, banana, mix 1 health drink.','breakfast',NULL,NULL),(53,0,1,'2008-03-16 12:00:00','Click here to enter description','McGriddles',NULL,NULL),(54,0,1,'2008-03-16 12:19:00','had pizza and soda','lunch at birthday party',NULL,NULL),(55,1,1,'2008-03-16 22:28:00','2 harvest burger patties, diet soda pop','dinner',NULL,NULL),(56,0,1,'2008-03-17 13:46:00','sandwich, soup, large diet soda','lunch',NULL,NULL),(57,0,1,'2008-03-17 08:50:00','turkey bacon, coffee, ','breakfast',NULL,NULL),(58,0,1,'2008-03-18 08:33:00','coffee, cereal (Honey Bunch O Oats)','breakfast',NULL,NULL),(59,0,1,'2008-03-18 10:36:00','chocolate brownie...woa!','snack',NULL,NULL),(60,0,1,'2008-03-18 11:44:00','turkey sandwich, large diet soda','lunch',NULL,NULL),(61,0,1,'2008-03-18 16:38:00','him mac n cheese, me Whole Wheet Linguini','dinner at Noodles with Luka',NULL,NULL),(62,0,1,'2008-03-19 09:01:00','omlet from cafeteria: eggs, cheese, veggies, sausage, green chile','breakfast',NULL,NULL),(63,0,1,'2008-03-19 10:44:00','1 orange, 1 grapefruit','mid morning snack',NULL,NULL),(64,0,1,'2008-03-19 16:05:00','turkey sandwich, w cheese','afternoon snack',NULL,NULL),(65,0,1,'2008-03-20 07:23:00','Click here to enter description','oatmeal from packets',NULL,NULL),(66,1,1,'2008-03-20 14:29:00','weight watchers chicken dish, large diet soda.','lunch',NULL,NULL),(67,0,1,'2008-03-20 22:17:00','harvest burger, chicken breast','dinner',NULL,NULL),(68,0,1,'2008-03-22 08:50:00','oatmeal and coffee from cafeteria','breakfast',NULL,NULL),(69,1,1,'2008-03-21 11:52:00','Edzilla sandwich from Milo, mushroom soup, large diet soda','lunch at cafeteria',NULL,NULL),(70,0,1,'2008-03-21 17:53:00','Salad bar (three trips)','dinner at Beau Jo\'s',NULL,NULL),(71,0,1,'2008-03-22 08:25:00','coffee, banana, honey bunches of oats','breakfast at home',NULL,NULL),(72,0,1,'2008-03-22 19:14:00','Click here to enter description','dinner',NULL,NULL),(73,0,6,'2008-03-22 23:03:00','yummy','macncheese',NULL,NULL),(74,0,6,'2008-03-22 23:04:00','pizza, coke','pizza',NULL,NULL),(75,0,1,'2008-03-23 01:42:00','Arlene brought home some Greek food from an awesome restaurant','dinner with Al and Janet Morris',NULL,NULL),(115,1,1,'2008-04-10 21:47:00','Orville Redenbacher\'s Movie butter with extra melted margarine','popcorn watching tv...and a fudge bar...',NULL,NULL),(77,0,1,'2008-03-26 06:15:00','test cost','test cost',NULL,NULL),(78,0,1,'2008-03-26 20:48:00','test food ref','test foodRef',NULL,NULL),(79,0,1,'2008-03-26 20:51:00','test2','test foodRef 2',2.33,NULL),(80,0,1,'2008-03-27 06:05:00','test','testing last updated meal',0.22,NULL),(81,0,1,'2008-03-28 00:22:00','','test',0.22,NULL),(82,0,1,'2008-03-28 00:24:00','Click here to enter description','test',0.22,NULL),(83,1,1,'2008-03-28 00:28:00','Click here to enter description2','test cost',NULL,NULL),(84,1,1,'2008-03-29 13:18:00','Click here to enter description','test new animation',NULL,'http://www.youtube.com/v/DhZwU3Cp0Pc&hl=en'),(85,2,1,'2008-03-30 07:14:00','soup, cheesy pototoes, fruit, chips, lemonade, ice cream','dinner with Donny & Marissa',NULL,'http://www.youtube.com/v/-9kmQuefbtA&hl=en'),(86,0,1,'2008-03-31 06:34:00','coffee, cheetos, oatmeal','breakfast',NULL,NULL),(87,0,1,'2008-03-31 08:53:00','Omlet, coffee, rye toast','breakfast at cafeteria',3.85,NULL),(88,0,1,'2008-03-31 12:22:00','Small cheesy vegetable soup','lunch at cafeteria',3.08,NULL),(89,0,1,'2008-03-31 16:13:00','soda pop','afternoon snack',0,NULL),(90,0,1,'2008-04-01 15:24:00','soup, frozen indian meal, soda, pizza, chicken wings','lunch at cafeteria',4.5,NULL),(91,0,1,'2008-04-02 11:24:00','Omlet, coffee, rye toast','breakfast at cafeteria',3.8,NULL),(92,0,1,'2008-04-02 13:28:00','slice of pizza, soda, soup','lunch',NULL,NULL),(93,1,1,'2008-04-02 19:35:00','harvest burger w a cheese slice, Vitamin water and a small slice of cheese pizza stolen from my children. ','dinner at home',NULL,NULL),(94,0,1,'2008-04-03 14:11:00','Kids woke me and I couldnt sleep so I had an veggie burger','2:AM Snack',NULL,NULL),(95,1,1,'2008-04-03 14:13:00','Brought my own: leftover 6\" Subway roast beef, Ethnic Gourmet Chicken something or other.','lunch at cafeteria',NULL,NULL),(96,1,1,'2008-04-03 14:23:00','Coffee, not sure what else.','breakfast',NULL,NULL),(97,0,1,'2008-04-03 19:15:00','harvest burger, regular burger, cheetos two cookies','dinner at home',NULL,NULL),(98,0,1,'2008-04-04 06:19:00','coffee, yogurt, banana','breakfast at home',NULL,NULL),(99,0,1,'2008-04-04 12:16:00','leftover burgers, pizza slice','lunch in cafeteria',NULL,NULL),(100,0,1,'2008-04-06 19:57:00','Cooked a harvest burger and a beef burge and made an awesome burger with wheat toast bread. ','harvest burger and beef burger, popcorn',NULL,NULL),(101,2,1,'2008-04-06 08:00:00','eggs, ham, veggies, cheese','Breakfast at Village Inn',NULL,NULL),(102,1,1,'2008-04-06 11:07:00','With Aidan. Pizza and Sprite. Talked to Chris V (an engineer from Ball Aerospace)','lunch at Copper mt ',16,NULL),(103,0,1,'2008-04-06 20:19:00','Chicken salad sandwiches, egg salad sandwich, veggies, soda, ice cream cake','Nathan Evans-Ehringer Birthday Party',NULL,NULL),(104,0,1,'2008-04-07 08:22:00','mcmervin omlet, coffee','breakfast at cafeteria',3.24,NULL),(105,0,1,'2008-04-07 12:13:00','small soup, large diet soda','lunch at cafeteria',3.08,NULL),(106,0,1,'2008-04-07 17:27:00','hot chocolate','late afternoon snack',NULL,NULL),(107,0,1,'2008-04-08 11:07:00','soup, indian meal, large diet soda','lunch at cafeteria',3.08,NULL),(108,0,1,'2008-04-08 18:29:00','1/2 harvest buger, turkey burger, lettuce, wheat bread, vitamin water.','dinner at home',NULL,NULL),(109,1,1,'2008-04-09 06:34:00','coffee, zone bar, test\n','breakfast at home',NULL,NULL),(110,0,1,'2008-04-09 10:27:00','ate second half of last nights turkey/harvest burger. Starved.','mid morning snack',NULL,NULL),(111,0,1,'2008-04-09 13:21:00','corn chowder soup, large diet soda','lunch at cafeteria',3.08,NULL),(112,1,1,'2008-04-10 06:30:00','After the DJUG we went to the rock bottom brewery and had 2 large beers, a wing, an onion ring, a fried cheese wrap thing, and a bruchetta like pizza slice.\nI have two of everything below on purpose.','post DJUG at the bar',14,NULL),(113,0,1,'2008-04-10 07:03:00','two mini bagels with cream cheese, coffee','breakfast at home',NULL,NULL),(114,0,1,'2008-04-10 15:55:00','harvest burger and turkey burger, cheese, lettuce','dinner at home',NULL,NULL),(116,0,1,'2008-04-11 06:15:00','coffee, cofee cake, yogurt, bite o banana','breakfast at Starbucks and home',4,NULL),(117,2,1,'2008-04-11 12:08:00','lean cuisine, soup, EdZilla wrap','lunch at cafeteria',NULL,NULL),(118,0,1,'2008-04-11 20:38:00','from safeway','roasted chicken & ice crea',16,NULL),(119,0,1,'2008-04-14 11:44:00','Huge Burrito and Vitamin Water','lunch at Copper Mt lodge',12.84,NULL),(120,0,1,'2008-04-14 07:52:00','coffee, mini bagel','breakfast at home',NULL,NULL),(121,0,1,'2008-04-14 15:51:00','microwaved a frozen indian meal','lunch at my desk',NULL,NULL),(122,0,1,'2008-04-14 06:32:00','harvest burger w cheese, vitamin water','dinner at home',NULL,NULL),(123,0,1,'2008-04-15 08:12:00','coffee, half a power bar','breakfast at home',NULL,NULL),(124,0,1,'2008-04-15 14:59:00','Ethnic Gourmet, cream of brocoli soup, large diet soda','lunch at my desk',NULL,NULL),(125,0,1,'2008-04-15 19:54:00','grilled out on deck, cheese, greens, wheat bread','hamburger w cheese',NULL,NULL),(126,0,1,'2008-04-16 06:38:00','yogurt, coffee','breakfast',NULL,NULL),(127,0,1,'2008-04-16 18:16:00','low cal frozen meal + turkey burger with cheese','lunch at cafeteria',NULL,NULL),(128,0,1,'2008-04-17 04:23:00','coffee, yogurt','breakfast at home',NULL,NULL),(129,0,1,'2008-04-17 11:07:00','orange, grapefruit','mid morning snack',NULL,NULL),(130,0,1,'2008-04-17 13:46:00','Ethnic Gourmet,  harvest burger','lunch at cafeteria',0,NULL),(131,0,1,'2008-04-17 16:56:00','arlene brought home an awesome pablano pesto burrito, chips, had a buffalo hotdot too and a diet 7up','QDoba naked burrito',NULL,NULL),(132,0,1,'2008-04-18 09:05:00','banana, coffee','breakfast at home',NULL,NULL),(133,0,1,'2008-04-18 12:30:00','clam chowder, harvest burger','lunch at cafeteria',1.85,NULL),(134,0,1,'2008-04-18 20:56:00','harvest burger w cheese, ice cream','dinner at home',NULL,NULL),(135,0,1,'2008-04-19 21:29:00','egg pannini. Kids had pizza bagels','lunch at Einsteins bagels',17.89,NULL),(136,0,1,'2008-04-19 21:32:00','pastrami sandwich','mid day snack',5,NULL),(137,0,1,'2008-04-19 21:33:00','noodles dish','penne pasta',8,NULL),(138,0,1,'2008-04-21 07:39:00','coffee...','breakfast at home',NULL,NULL),(139,0,1,'2008-04-21 12:39:00','EdZilla wrap, large diet soda','lunch at cafeteria',6,NULL),(140,0,1,'2008-04-22 00:22:00','harvest burger w cheese.','dinner at home',NULL,NULL),(141,0,1,'2008-04-22 08:56:00','coffee, cliff bar','breakfast at home',NULL,NULL),(142,0,1,'2008-04-22 12:16:00','frozen indian meal, burger patty (beef)','lunch at cafeteria',NULL,NULL),(143,0,1,'2008-04-22 20:33:00','two harvest burgers, salad greens, diet 7-UP','dinner at home',NULL,NULL),(144,0,1,'2008-04-23 08:03:00','coffee, banana, two donuts when I got to work. ','breakfast at home',NULL,NULL),(145,0,1,'2008-04-23 12:56:00','garden salad w soy peanut dressing','lunch at cafeteria',4.27,NULL),(146,0,1,'2008-04-23 21:28:00','turkey bacon and oranges.','bacon strips',NULL,NULL),(147,0,1,'2008-04-24 06:22:00','coffee, italian sausage, bacon','breakfast at home',NULL,NULL),(148,0,1,'2008-04-25 04:08:00','some leftover fried rice, yogurt, coffee','rice leftovers, coffee, yogurt',NULL,NULL),(149,0,1,'2008-04-25 14:33:00','Spaghetti with Meat sauce, steamed veggies, large soda','lunch at cafeteria',6,NULL),(150,0,1,'2008-04-25 13:01:00','two veggie patties and a beer','dinner at home',NULL,NULL),(151,0,1,'2008-04-26 17:52:00','had a brat, 3 beers, apple pie, ice cream, woa!','dinner at logan auction',NULL,NULL),(152,0,1,'2008-04-26 13:53:00','veggie burger','lunch at home',NULL,NULL),(153,1,1,'2008-04-28 06:51:00','coffee, mini bagel, also had a mervin omlet when I got to work.','breakfast at home',NULL,NULL),(157,0,1,'2008-04-29 22:59:00','don\'t remember...','dinner at home',NULL,NULL),(158,1,1,'2008-04-30 09:23:00','coffee, 2 mini bagels w cc, raison cookie, another cookie.,','breakfast at home',NULL,NULL),(155,0,1,'2008-04-29 07:21:00','coffee, banana','breakfast at home',NULL,NULL),(156,0,1,'2008-04-29 12:56:00','awesome roast beef, corn, potatoes, gravy, large diet soda','lunch at cafeteria',7,NULL),(159,0,1,'2008-04-30 16:53:00','soup, and large diet soda.','lunch at cafeteria',3.08,NULL),(160,0,1,'2008-04-30 21:09:00','mini burger w spinach, diet 7-up','dinner at home',NULL,NULL),(161,1,1,'2008-04-30 20:17:00','veggie burger','late night snack',NULL,NULL),(162,0,1,'2008-05-01 16:56:00','went with Jim, Don, Tony, Mark, Jeff E, and Jeff C.','Lunch at Los Dos',13,NULL),(163,0,1,'2008-05-02 09:40:00','coffee, toast, mervin omlet: 2 eggs, veggies, sausage, green chile','breakfast at cafeteria',3.85,NULL),(164,0,1,'2008-05-01 17:42:00','veggie burger, turkey burger, cheese, spinach, diet 7-up','dinner at home',NULL,NULL),(165,0,1,'2008-05-04 22:50:00','grilled a burger outside','dinner at home',NULL,NULL),(166,0,1,'2008-05-05 07:28:00','coffee, ate the waffle I burnt in the toaster.','breakfast',NULL,NULL),(167,0,1,'2008-05-05 11:26:00','burger, diet soda','lunch at cafeteria',1.27,NULL),(168,0,1,'2008-05-05 19:25:00','carrots, cheesy hotdog','dinner at home',NULL,NULL),(169,0,1,'2008-05-06 07:26:00','coffee, oatmeal','breakfast at home',NULL,NULL),(170,0,1,'2008-05-06 13:27:00','cheese and turkey coldcut','snack at work',NULL,NULL),(171,0,1,'2008-05-09 19:13:00','beaf burger, shrooms, cheese, pita bread, diet 7-up','grilled a burger at home',NULL,NULL),(172,0,1,'2008-05-09 11:53:00','bbq pork sandwich, beans, cole slaw, large diet soda','lunch at cafeteria',7,NULL),(173,0,1,'2008-05-10 05:22:00','bowl of cereal at 5:AM','early breakfast',NULL,NULL),(174,0,1,'2008-05-10 13:36:00','reheated corndog, coffee','breakfast #2',NULL,NULL),(175,0,1,'2008-05-11 10:28:00','bowl of cereal, poptart, coffee, cliff bar','breakfast at home',NULL,NULL),(176,0,1,'2008-05-10 19:29:00','veggie burger w spinach and cheese','late night snack',NULL,NULL),(177,0,1,'2008-05-10 13:30:00','shared with Aidan but I ate most of them, 2 7-ups','2 beer brats',NULL,NULL),(178,0,1,'2008-05-12 07:31:00','bowl of cereal, coffee','breakfast at home',NULL,NULL),(179,1,1,'2008-05-11 22:32:00','ate two veggie patties, one with cheese and spinach, two 7-ups','late night binge',NULL,NULL),(180,0,1,'2008-05-12 10:39:00','ate my veggie burger with pita','mid morning early  lunch',NULL,NULL),(181,0,1,'2008-05-12 12:36:00','salad and large diet coke','lunch at cafeteria',4.26,NULL),(182,0,1,'2008-05-12 16:26:00','turkey and cheese slice','mid afternoon snack',NULL,NULL),(183,0,1,'2008-05-13 07:52:00','bowl of special k, coffee','breakfast at home',NULL,NULL),(184,0,1,'2008-05-12 19:53:00','Guacamole Burger with Pinnaple, wheat bun, onion rings. Yukky','burger at Gunther Toody\'s',NULL,NULL),(185,0,1,'2008-05-13 12:24:00','Uptown Waldorf salad, large diet soda','salad w chickent & large diet soda',4.26,NULL),(186,0,1,'2008-05-13 06:37:00','veggie burger w cheese, spinach, shrooms, 7-up','dinner at home',NULL,NULL),(187,0,1,'2008-05-14 07:40:00','yogurt, chips, coffee','breakfast at home',NULL,NULL),(188,0,1,'2008-05-21 13:44:00','awesome stir fry + large diet soda','lunch at cafeteria',6,NULL),(189,0,1,'2008-05-26 05:31:00','Donny and Marissa came over and we grilled out on the deck. Brats, corn, tater salad, beer, ice cream','Huge cookout at home',50,NULL),(190,0,1,'2008-05-29 06:35:00','vile double burger with cheese and bacon, blah.','double burger melt at waffle house',8,NULL),(191,0,1,'2008-05-29 14:49:00','Troy\'s Diner veggie burger special','veggie burger',10,NULL),(192,0,1,'2008-06-01 14:25:00','Ate BBQ at Woodlands','Lunch with Family',51.12,NULL),(193,0,1,'2008-06-03 06:29:00','banana, coffee','breakfast at home',NULL,NULL),(194,0,1,'2008-06-03 12:31:00','Frozen Indian meal, large diet soda','lunch at cafeteria',2,NULL),(195,0,1,'2008-06-03 19:34:00','veggie burger w spinach and cheese','dinner at home',NULL,NULL),(196,0,1,'2008-06-04 06:51:00','Cereal, Cofeee, veggie sausage.','breakfast at home',NULL,NULL),(197,0,1,'2008-06-04 19:34:00','2 veggie burgers with cheese, spinache','Dinner at home',NULL,NULL),(198,0,1,'2008-06-05 07:52:00','yogurt, coffee','breakfast at home',NULL,NULL),(199,0,1,'2008-06-05 12:31:00','soup and a large soda.','lunch at cafeteria',4,NULL),(200,0,1,'2008-06-05 16:07:00','Amy\'s Indian meal','late afternoon snack',NULL,NULL),(201,0,1,'2008-06-05 19:09:00','pizza, popcorn, ice cream, beer','dinner at home',NULL,NULL),(202,0,1,'2008-06-06 05:29:00','coffee, cereal','breakfast at home',NULL,NULL),(203,0,1,'2008-06-06 12:45:00','Had a burger,  bow tie pasta, slaw, watermellon, ice cream, cookie, ice tea','BBQ at Work',6,NULL),(204,0,1,'2008-06-07 04:33:00','couldn\'t sleep so watched an episode of Lost and had a banana','early morning snack',NULL,NULL),(205,0,1,'2008-06-07 08:58:00','coffee, muffin, yogurt','breakfast at home',NULL,NULL),(206,0,1,'2008-06-07 14:21:00','Met Michael Lui and his son David. We ate at a Japanese place and had some sushi.','lunch at some japanese restaurant',7,NULL),(207,0,1,'2008-06-07 18:25:00','pizza, veggie burger','dinner at home',NULL,NULL),(208,1,1,'2008-06-08 17:59:00','grilled a burger and a veggie patty on the bbq. Ate arlene\'s awesome cous couse and beans.','dinner at home',NULL,NULL),(209,0,1,'2008-06-08 09:01:00','veggie breakfast sausage, and bacon. Coffee','breakfast at home',NULL,NULL),(210,1,1,'2008-06-09 11:48:00','Mattar Paneer','lunch at cafeteria',NULL,NULL),(211,0,1,'2008-06-09 15:47:00','Got the munchies and ate my Palak Paneer','mid afternoon meal',NULL,NULL),(212,0,1,'2008-06-09 20:58:00','cut ham/veggie burger in half','Sandwich before bed',NULL,NULL),(213,1,1,'2008-06-10 13:00:00','EdZilla wrap, large diet soda','lunch at cafeteria',5.4,NULL),(214,1,1,'2008-06-11 05:00:00','coffee, banana, zone bar','breakfast at home',NULL,NULL),(215,2,1,'2008-06-11 12:00:00','EdZilla wrap, large diet coke','lunch at cafeteria',5.5,NULL),(216,1,1,'2008-06-11 15:00:00','leftover noodles linguini, popcorn, ice cream bar, lemonade','dinner at home',NULL,NULL),(217,0,1,'2008-06-12 00:00:00','bowl of cereal, 3.5 breakfast veggie sausages, coffee.','breakfast at home',NULL,NULL),(218,1,1,'2008-06-16 07:00:00','coffee, mini bagel','breakfast at home',NULL,NULL),(219,2,1,'2008-06-16 12:00:00','Salad and diet soda. After reading the Nutrition info, I shoulda gotten a cheesburger. ','lunch at cafeteria',NULL,NULL),(220,1,1,'2008-06-16 16:00:00','two burgers: One beef, one veggie both with guac','dinner at home',NULL,NULL),(221,1,1,'2008-06-17 08:00:00','banana, coffee, yogurt','breakfast at home',NULL,NULL),(222,1,1,'2008-06-17 12:00:00','soup, and veggie burger from home','lunch at cafeteria',NULL,NULL),(223,1,1,'2008-06-17 17:00:00','veggie burger, diet 7-up, almonds','diinner at home',NULL,NULL),(224,1,1,'2008-06-18 06:00:00','banana, coffee, clif bar','breakfast at home',NULL,NULL),(225,1,1,'2008-06-18 18:00:00','veggie burger, chicken breast, diet 7-up, pomegranate juice, popcorn','dinner at home',NULL,NULL),(226,1,1,'2008-06-18 12:00:00','badass stir fry with beef, shrimp, veggies, pot sticker, large diet soda','lunch at cafeteria',6,NULL),(227,1,1,'2008-06-19 08:00:00','yogurt, coffee, almonds','breakfast at home',NULL,NULL),(228,1,1,'2008-06-19 12:00:00','veggie, burger chicken breast, lettuce, tomato','lunch at cafeteria',NULL,NULL),(229,1,1,'2008-06-19 17:00:00','Whole wheat Linguini for me mac n cheese for kids, cookie','dinner at Noodles',20,NULL),(230,1,1,'2008-06-20 06:19:00','coffee, mini bagel w cream cheese, banana','breakfast at home',NULL,NULL),(231,1,1,'2008-06-20 12:00:00','awesome sandwich fixins','lunch at all team meeting',NULL,NULL),(232,1,1,'2008-06-20 17:00:00','Mom out of town so boys and I had dinner. Me: almonds, burger pattie w cheese, beer, ','dinner at home',NULL,NULL),(233,1,1,'2008-06-23 06:00:00','coffee, almonds','breakfast at home',NULL,NULL),(234,2,1,'2008-06-23 12:00:00','leftover burrito from arlene. Chef\'s Salad, large diet soda','lunch at cafeteria',6,NULL),(235,1,1,'2008-06-23 16:00:00','Mom got noodles so I had Linguini','Dinner at home-Luka\'s birthday',NULL,NULL),(236,1,1,'2008-06-25 12:00:00','Garden Salad, EdZilla, diet soda','lunch at cafeteria',8.42,NULL),(237,2,1,'2008-06-25 17:00:00','turkey hot dog, chicken veggie noodle stir fry, Chocolate Mousse, Chocolate Cake','dinner at home',NULL,NULL),(238,1,1,'2008-06-26 05:00:00','Veggie burger w cheese, oatmeal, coffee, banana','Breakfast at desk',NULL,NULL),(239,0,1,'2008-06-30 00:00:00','burgers with spinach','lunch at desk',NULL,NULL),(240,0,1,'2008-06-30 00:00:00','burgers with spinach, juice','dinner at home',NULL,NULL),(241,0,1,'2008-06-30 00:00:00','Egg McMervin','breakfast at cmc',3.08,NULL),(242,0,1,'2008-07-01 00:00:00','Banana, coffee, Egg McMervin, coffee','breakfast at cmc',5,NULL),(243,0,1,'2008-07-01 00:00:00','soup','lunch at cafeteria',3.08,NULL),(244,0,1,'2008-07-01 00:00:00','went to the grocery store and got salad stuff. Met some nice person from Alaska. Never got her name. ','salad at home',NULL,NULL),(245,2,1,'2008-07-02 17:00:00','Pizza Slice (the bomb O veggies), burger w cheese','Dinner at Whole Foods',11,NULL),(246,1,1,'2008-07-04 08:00:00','veggie patties, coffee','breakfast at home',NULL,NULL),(247,1,1,'2008-07-04 12:00:00','pizza','lunch at home',NULL,NULL),(248,1,1,'2008-07-04 16:00:00','hotdog and alot of beers','4th of July at Hamden Heights Pool',5,NULL),(249,1,1,'2008-07-05 00:00:00','fajita burrito, beer, gin/tonic','chipotle burrito X2',13,NULL),(250,0,1,'2008-07-08 00:00:00','coffee, cereal, banana','breakfast at home',NULL,NULL),(251,0,1,'2008-07-08 00:00:00','soup, salad, soda','lunch at cafeteria',NULL,NULL),(252,0,1,'2008-07-14 00:00:00','EdZilla Sandwich, soda','lunch at work',5,NULL),(253,0,1,'2008-07-14 00:00:00','coffee, banana, fig newmans','breakfast at home',NULL,NULL),(254,0,1,'2008-07-14 00:00:00','salad: Spinach, carrots, greens','dinner at home',NULL,NULL),(255,0,1,'2008-09-01 08:40:00','coffee, apple cinnamon muffins','breakfast at home',NULL,NULL),(256,0,1,'2008-09-04 21:07:00','olive loaf with cheese','dinner at home',NULL,NULL),(257,0,1,'2008-10-04 14:29:00','test new add method','test new add methoq',NULL,NULL),(258,0,1,'2008-10-04 15:55:00','testing new meal','testing new meal',NULL,NULL),(259,2,1,'2008-10-04 20:27:00','sat afternoon','a couple veggie burger patties',NULL,NULL),(260,4,1,'2008-10-05 07:45:00','toast w peanut butter, ','breakfast at home',NULL,NULL),(261,5,1,'2008-10-05 18:01:00','turkey burger, veggie burger, popcorn, a beer','dinner at home',NULL,NULL),(262,2,1,'2008-10-06 05:48:00','Bowl of Raison Bran w milk, coffee','breakfast at home',NULL,NULL),(263,2,1,'2008-10-06 12:15:00','Whole wheet pasta w meatballs & marinara sauce, green beans. ','Lunch: Pasta Special at CMC Caferia',6.32,NULL),(264,4,1,'2008-10-06 19:42:00','hot dog, chips','dinner at home',NULL,NULL),(265,6,1,'2008-10-07 04:54:00','banana, coffee','breakfast at home',NULL,NULL),(267,2,1,'2008-10-07 11:45:00','Gumbo. Awesome','lunch at cafeteria',2.35,NULL),(268,0,1,'2008-10-08 04:08:00','test','test',NULL,NULL),(269,2,1,'2008-10-08 05:53:00','bowl of raison bran w milk','breakfast at home',NULL,NULL),(270,2,1,'2008-10-08 09:55:00','had a breakfast burrito','breakfast at CMC',3,NULL),(271,2,1,'2008-10-08 12:57:00','bowl of chili','lunch at work',2.35,NULL),(272,5,1,'2008-10-08 19:59:00','take out pizza','dinner with kids',12,NULL),(273,3,1,'2008-10-09 03:03:00','banana, coffee, raison bran','breakfast at home',NULL,NULL),(274,0,1,'2008-10-09 13:23:00','Salmon with Wild rice ','Lunch at work',NULL,NULL),(275,1,1,'2008-10-09 15:00:00','frozen burrito ','afternoon burrito',NULL,NULL),(276,2,1,'2008-10-09 17:02:00','turkey pattie, veggie pattie','dinner at home',NULL,NULL),(277,5,1,'2008-10-10 03:04:00','coffee, cottage cheese, raison toast','breakfast at home',NULL,NULL),(278,4,1,'2008-10-11 07:49:00','raison toast, coffee, veggie breakfast patties','breakfast at home',NULL,NULL),(279,1,1,'2008-10-11 21:53:00','from Whole foods','late night soup',NULL,NULL),(280,3,1,'2008-10-11 12:56:00','turkey pattie','lunch at home',NULL,NULL),(281,7,1,'2008-10-13 08:44:00','United Way Kickoff','pancake breakfast',NULL,NULL),(282,1,1,'2008-10-13 15:50:00','Amy\'s enchilada','lunch at work',NULL,NULL),(425,2,1,'2009-01-20 12:33:00','bowl of chicken soup from cafeteria','lunch at CMC',NULL,NULL),(285,0,1,'2008-10-16 12:59:00','chili soup, amy\'s indian ','lunch at cmc',NULL,NULL),(286,0,1,'2008-10-16 08:01:00','coffee, cinnamon role','breakfast at home',NULL,NULL),(287,3,1,'2008-10-17 13:09:00','Mervin burger, cheese, bacon, etc.','Angus Burger',5.65,NULL),(288,5,1,'2008-10-20 09:00:00','caraf of coffee, oatmeal (3 packets),','breakfast at home/cmc',NULL,NULL),(289,1,1,'2008-10-20 13:40:00','large soup, Amy\'s Indian','lunch at CMC',3,NULL),(290,1,1,'2008-10-20 14:56:00','popcorn from vending machine','afternoon snack',0.95,NULL),(291,6,1,'2008-10-24 08:44:00','Oatmeal, coffee (paid for the coffe)','breakfast',1.06,NULL),(292,1,1,'2008-10-24 12:46:00','salad from home','lunch at cmc',NULL,NULL),(293,2,1,'2008-10-24 17:47:00','pizza, diet soda','dinner at home',NULL,NULL),(294,2,1,'2008-10-25 04:18:00','raison bran, coffee','breakfast at home',NULL,NULL),(295,3,1,'2008-10-30 07:21:00','coffee, yogurt, waffle','breakfast at home',NULL,NULL),(296,3,1,'2008-10-30 12:23:00','chile con carne, poweraid','lunch at work',1.85,NULL),(297,1,1,'2008-10-29 13:25:00','Ethnic Gourmet','lunch at work',NULL,NULL),(298,3,1,'2008-10-30 20:44:00','leftover ribs, fries, brocoli','diinner at home',NULL,NULL),(299,3,1,'2008-11-03 07:35:00','banana, coffee, yogurt','breakfast at home',NULL,NULL),(300,2,1,'2008-11-03 12:37:00','Whole wheat pasta, turkey meatballs, green beens','lunch at cmc',5.5,NULL),(301,3,1,'2008-11-04 16:48:00','amy\'s frozen indian','lunch at work',NULL,NULL),(302,0,1,'2008-11-05 07:16:00','coffee, almonds','breakfast at home',NULL,NULL),(303,2,1,'2008-11-06 11:33:00','Amy\'s Palak Paneer','lunch at cmc',NULL,NULL),(304,2,1,'2008-11-07 06:43:00','coffee, raison toast','light breakfast at home',NULL,NULL),(305,2,1,'2008-11-07 08:50:00','Egg McMervin on multigrain toast, coffee','McMervin at CMC',4,NULL),(306,2,1,'2008-11-07 11:54:00','Amy\'s Mataar Panneer, soda','lunch at cmc',NULL,NULL),(307,1,1,'2008-11-07 16:24:00','snack','bag 0 chips',NULL,NULL),(308,3,1,'2008-11-09 05:44:00','raison toast, coffee','breakfast at home',NULL,NULL),(309,3,1,'2008-11-08 13:47:00','at Chilies: beef Fajitas, beer, corn','lunch with Yia Yia & Papoose',15,NULL),(310,3,1,'2008-11-10 06:03:00','raison toast, coffee','breakfast at home',NULL,NULL),(311,5,1,'2008-11-11 07:41:00','2 waffles, sausage, coffee','breakfast at home',NULL,NULL),(312,2,1,'2008-11-25 11:14:00','coffee, almonds, yogurt','breakfast',NULL,NULL),(313,2,1,'2008-11-29 22:08:00','junk food','popcorn, beer, soda, candy',NULL,NULL),(314,1,1,'2008-11-28 22:10:00','leftovers','turkey leg',NULL,NULL),(315,3,1,'2008-11-29 07:12:00','coffee, raison toast','breakfast at home',NULL,NULL),(316,4,1,'2008-11-30 12:06:00','leftovers from T-day: stuffing, sweet potatoes, beer, etc','lunch at home',NULL,NULL),(317,4,1,'2008-11-30 23:22:00','turkey burger w cheese, shrooms, diet 7-up','late night snack',NULL,NULL),(318,5,1,'2008-12-01 07:58:00','coffee, raison bran, banana, cutie (orange)x2','breakfast at home',NULL,NULL),(319,2,1,'2008-12-01 13:23:00','large turkey noodle soup, powerade drink','lunch at CMC',NULL,NULL),(320,1,1,'2008-12-01 14:59:00','tootsie roll and heath bar bite','candy snack',NULL,NULL),(321,3,1,'2008-12-01 18:36:00','leftover noodles','dinner at home',NULL,NULL),(322,2,1,'2008-12-02 04:37:00','cutie orange','early  morning snack',NULL,NULL),(323,4,1,'2008-12-02 09:52:00','someone brought banana bread and cookies','Mid morning snack',NULL,NULL),(324,3,1,'2008-12-02 11:40:00','oriental salad, malak paneer, couple candies, powerade','lunch at cmc',4.35,NULL),(325,2,1,'2008-12-04 03:14:00','Mongolian BBQ','lunch at cmc',6,NULL),(326,2,1,'2008-12-04 03:18:00','munched on almonds all evening, and ate leftover stuffing from T-Day','dinner at home',NULL,NULL),(327,5,1,'2008-12-05 15:11:00','Andrea (one of Arlene\'s Egypt trip friends) hosted a dinner party for Arlene\'s birthday!','Dinner at Andrea\'s',NULL,NULL),(328,2,1,'2008-12-04 12:14:00','from cmc cafeteria','seafood gumbo',NULL,NULL),(329,3,1,'2008-12-05 12:16:00','from cmc cafeteria','corn chowder',2.35,NULL),(330,2,1,'2008-12-05 05:18:00','raison bran, coffee','breakfast at home',NULL,NULL),(331,5,1,'2008-12-06 08:56:00','raison bran, coffee,almonds','breakfast at home',NULL,NULL),(332,1,1,'2008-12-06 19:43:00','with cheese','hamburger',NULL,NULL),(333,1,1,'2008-12-07 08:23:00','coffee, raison toast','breakfast at home',NULL,NULL),(334,1,1,'2008-12-07 15:29:00','harvest burger','light dinner at home',NULL,NULL),(335,2,1,'2008-12-08 07:16:00','coffee, almonds, bacon','breakfast at home',NULL,NULL),(336,2,1,'2008-12-08 12:40:00','bowl of Clam Chowder, sandwich','lunch at cmc',6.39,NULL),(337,1,1,'2008-12-08 17:15:00','with family watching Charlie Brown Xmas','popcorn',NULL,NULL),(338,2,1,'2008-12-09 11:32:00','matar paneer, powerade','lunch at cmc',NULL,NULL),(339,3,1,'2008-12-09 21:33:00','Click here to enter description','dinner at home',NULL,NULL),(340,5,1,'2008-12-10 07:03:00','coffee, raison toast, bacon','breakfast at home',NULL,NULL),(341,4,1,'2008-12-10 12:04:00','matar paneer, hamburger, veggie burger, powerade','lunch at cmc',NULL,NULL),(342,4,1,'2008-12-10 18:53:00','Little Seizures + crazy bread','take out pizza',10,NULL),(343,2,1,'2008-12-11 12:37:00','from cmc cafeteria','chili con carne',3.08,NULL),(344,1,1,'2008-12-12 06:28:00','coffee,cereal','breakfast at home',NULL,NULL),(345,2,1,'2008-12-11 06:29:00','pizza slice, coffee, yogurt','breakfast at home',NULL,NULL),(346,1,1,'2008-12-12 12:18:00','from cafeteria: veggies, chicken, herbs, french tomato sauce. ','veggie chicken saute',6,NULL),(347,3,1,'2008-12-12 16:04:00','from india\'s. I got some veggie dish.','dinner: Indian take out',NULL,NULL),(348,4,1,'2008-12-13 08:29:00','yogurt, coffee','breakfast at home',NULL,NULL),(349,5,1,'2008-12-13 11:24:00','turkey pastrami sandwich, Quaker Granola bar chocolate chip, leftover indian take out food, reeces peanut butter cup. ','Lunch at home',NULL,NULL),(350,5,1,'2008-12-13 19:57:00','raison bran, ice cream, popcorn','dinner at home',NULL,NULL),(351,3,1,'2008-12-14 11:50:00','raison toast, coffee, banana','breakfast at home',NULL,NULL),(352,3,1,'2008-12-14 14:29:00','Aidan\'s Christmas program had a meal','lunch at Greek Cathedral',NULL,NULL),(353,3,1,'2008-12-15 06:11:00','coffee, raison bran','breakfast at home',NULL,NULL),(354,6,1,'2008-12-14 14:12:00','leftover indian food','dinner at home',NULL,NULL),(355,5,1,'2008-12-15 12:25:00','large bowl of soup, EdZilla wrap','lunch at cmc',7,NULL),(356,2,1,'2008-12-15 20:00:00','popcorn, beer','dinner at home',NULL,NULL),(359,5,1,'2008-12-17 07:51:00','coffee, banana, stole 2 cookies','breakfast',NULL,NULL),(358,2,1,'2008-12-16 06:15:00','coffee, raison toast','breakfast at home take 2',NULL,NULL),(360,4,1,'2008-12-17 12:42:00','EdZilla wrap, large diet soda, soup (large)','lunch at cmc',5.5,NULL),(361,0,1,'2008-12-17 14:42:00','popcorn, cookies, diet soda, chips','dinner at home',NULL,NULL),(362,2,1,'2008-12-18 06:23:00','cottage cheese, coffee','breakfast at home',NULL,NULL),(363,3,1,'2008-12-18 15:00:00','tuna caserole, brocoli. Bought one for Pete Kuykendall too. ','lunch at cmc',11,NULL),(364,5,1,'2008-12-18 15:02:00','at cmc. Turkey, veggies, mashed potatoes, pie','Winter Wonder land thing',NULL,NULL),(365,3,1,'2008-12-19 07:09:00','coffee, raison bran, yogurt','breakfast at home',NULL,NULL),(366,4,1,'2008-12-19 16:28:00','frozen indian, turkey sandwich','lunch at cmc',NULL,NULL),(367,2,1,'2008-12-21 07:12:00','cereal, coffee','breakfast at home',NULL,NULL),(368,1,1,'2008-12-27 15:48:00','xmas dinner leftovers','dinner at Sgoutas',NULL,NULL),(369,0,1,'2008-12-27 14:49:00','xmas dinner leftovers','lunch at sgoutas',NULL,NULL),(370,1,1,'2008-12-27 09:50:00','egg, potatoes, coffee, OJ, sausage','breakfst at Sgoutas',NULL,NULL),(371,0,1,'2008-12-25 16:51:00','Huge meal. Awesome','Christmas Dinner at Sgoutas',NULL,NULL),(372,0,1,'2008-12-26 08:54:00','bagel, coffee','breakfast at Sgoutas',NULL,NULL),(373,0,1,'2008-12-28 18:38:00','two pitchers and a shot','Beers with McDaniel',50,NULL),(374,2,1,'2008-12-29 08:40:00','cereal, coffee','breakfast at home',NULL,NULL),(375,0,1,'2009-01-02 17:56:00','hamburger, beer, popcorn','dinner at home',NULL,NULL),(376,3,1,'2009-01-03 09:42:00','cereal, coffee, cottage cheese','breakfast at home',NULL,NULL),(377,4,1,'2009-01-03 13:49:00','hamburger, cottage cheese, bag o chips, three cookies','saturday lunch',NULL,NULL),(378,3,1,'2009-01-03 18:05:00','sitting with arlene watching Law and Order, snuck a fudge bar.','late nite popcorn ',NULL,NULL),(379,3,1,'2009-01-04 07:43:00','coffee, cereal, toast w peanut butter','breakfast at home',NULL,NULL),(424,3,1,'2009-01-20 07:29:00','oatmeal (2 packets), coffee','breakfast at home',NULL,NULL),(381,1,1,'2009-01-04 18:06:00','popcorn','dinner at home',NULL,NULL),(382,2,1,'2009-01-04 12:07:00','I had Whole Wheat Linguini, boys had mac n cheese.\n','Took boys to Noodles',15,NULL),(383,2,1,'2009-01-05 09:04:00','coffee, mcMervin','breakfast at CMC',3.83,NULL),(384,1,1,'2009-01-05 09:36:00','some almond rocca from Jan','candy sample',NULL,NULL),(385,2,1,'2009-01-05 13:14:00','large clam chowder, dark chocolate candy bar','lunch at cmc',3.83,NULL),(386,4,1,'2009-01-06 07:51:00','cheerios, coffee','breakfast at home',NULL,NULL),(387,2,1,'2009-01-06 09:35:00','candy from jan\'s office','mid morning snack',NULL,NULL),(388,3,1,'2009-01-06 12:28:00','hamburger patty, frozen chinese food','lunch at cmc',NULL,NULL),(389,3,1,'2009-01-06 18:29:00','turkey burger, granola bar','dinner at home',NULL,NULL),(390,4,1,'2009-01-07 07:30:00','coffee, cheerios','breakfast at h ome',NULL,NULL),(391,6,1,'2009-01-07 12:56:00','Edzilla wrap, powerade, candy from Jan\'s office. ','Lunch at CMC',NULL,NULL),(392,1,1,'2009-01-07 15:40:00','pizza slice','dinner at home',NULL,NULL),(393,6,1,'2009-01-08 06:30:00','coffee, oatmeal','breakfast at home',NULL,NULL),(394,6,1,'2009-01-08 12:13:00','chili from cafeteria, frozen chinese thing','lunch at cmc',3.08,NULL),(395,1,1,'2009-01-08 18:21:00','several handfulls of almonds','dinner at home',NULL,NULL),(396,4,1,'2009-01-09 06:49:00','coffee, cherios, apple, almonds','breakfast at home',NULL,NULL),(397,3,1,'2009-01-09 12:42:00','frozen indian, turkey burger, diet coke','lunch at cmc',NULL,NULL),(398,3,1,'2009-01-09 17:11:00','pizza slice, almonds, diet 7up','dinner at home',NULL,NULL),(399,5,1,'2009-01-10 08:18:00','Pancakes!! OJ','breakfast at home',NULL,NULL),(400,1,1,'2009-01-10 12:20:00','Ovaltine, walnuts','lunch at home',NULL,NULL),(401,0,1,'2009-01-10 17:45:00','arlene made beans soup, and we had bread and salad, and wine.','dinner with Ehringer-Evans',NULL,NULL),(402,4,1,'2009-01-11 07:03:00','cheerios, coffee, almonds','breakfast at home',NULL,NULL),(403,4,1,'2009-01-11 13:19:00','chicken hot dog, ','lunch at home',NULL,NULL),(404,4,1,'2009-01-11 18:29:00','pizza slice 2, diet 7-up','dinner at home',NULL,NULL),(405,4,1,'2009-01-12 07:38:00','cheerios, coffee, almonds','breakfast at home',NULL,NULL),(406,4,1,'2009-01-12 12:46:00','Chicken Ceasar Sandwich, soup, diet coke','lunch at CMC',NULL,NULL),(407,2,1,'2009-01-12 18:11:00','beer, almonds','dinner at home',NULL,NULL),(408,3,1,'2009-01-13 14:30:00','coffee, almonds, yogurt','breakfast at home',NULL,NULL),(409,3,1,'2009-01-13 12:34:00','Beef Barley soup','lunch at CMC',2.59,NULL),(410,2,1,'2009-01-12 18:56:00','Spaghetti W sauce, turkey meatballs','dinner at home',NULL,NULL),(411,3,1,'2009-01-14 09:41:00','mervin omlet: 2 eggs, veggies, sausage. Rye toast','breakfast at cmc',3.3,NULL),(412,5,1,'2009-01-14 12:36:00','Fried chicken, mashed potatoes, green beans, corn, ','lunch at CMC',NULL,NULL),(413,3,1,'2009-01-14 18:41:00','pizza, soda','pizza at DJUG',NULL,NULL),(414,3,1,'2009-01-15 05:05:00','coffee, apple, almonds','breakfast at home',NULL,NULL),(415,2,1,'2009-01-15 12:06:00','diet coke, Mataar Paneer','lunch at CMC',NULL,NULL),(416,2,1,'2009-01-16 12:20:00','Mataar Paneer, diet coke','lunch at CMC',NULL,NULL),(417,2,1,'2009-01-15 17:24:00','slice of pizza,diet 7-up','dinner at home',NULL,NULL),(418,2,1,'2009-01-16 18:40:00','popcorn and diet soda, almonds','popcorn at movie',NULL,NULL),(419,2,1,'2009-01-17 06:42:00','cheerios, coffee','breakfast at home',NULL,NULL),(420,2,1,'2009-01-17 12:26:00','got a personnal pizza from Papa Johns','pizza on the road',3.5,NULL),(421,2,1,'2009-01-17 18:28:00','fajita burrito','dinner at Chiptole',7,NULL),(422,3,1,'2009-01-18 07:13:00','coffee, apple','breakfast at home',NULL,NULL),(423,0,1,'2009-01-18 16:12:00','tortilla\'s and refried beans','3 little wraps',NULL,NULL),(426,3,1,'2009-01-21 06:02:00','cheerios, coffee, raison toast','cheerios, raison toast, cofee',NULL,NULL),(427,3,1,'2009-01-21 17:15:00','pizza from Little ceasars','dinner with boys',NULL,NULL),(428,2,1,'2009-01-22 17:00:00','coffee','breakfast',NULL,NULL),(429,2,1,'2009-01-22 18:18:00','at the Hacienda in Lone Tree','dinner with Ben Portebello',NULL,NULL),(430,2,1,'2009-01-23 07:02:00','cheerios, coffee','breakfast at home',NULL,NULL),(431,2,1,'2009-01-23 14:33:00','bowl of Clam Chowder, sandwich','lunch at cmc',NULL,NULL),(432,4,1,'2009-01-23 17:09:00','picked the boys up and got a little ceasars pizza. Ate on the road to drop them off at gymnastics','dinner on the road',5.5,NULL),(433,2,1,'2009-01-24 04:11:00','cheerios, coffee','breakfast at home',NULL,NULL),(434,2,1,'2009-01-25 15:00:00','chicken soup, apple','lunch',NULL,NULL),(435,2,1,'2009-01-26 12:40:00','healthy choice soup','lunch at CMC',NULL,NULL),(436,4,1,'2009-01-27 03:21:00','early morning before spin class: Coffee, raison toast, special k bar','breakfast at home',NULL,NULL),(437,2,1,'2009-01-26 17:24:00','Mataar Paneer, diet coke','dinner at CMC',NULL,NULL),(438,1,1,'2009-01-27 08:33:00','que sadillas','mid morning snack',NULL,NULL),(439,0,1,'2009-03-03 17:02:00','fish burrito','wahoos fish burrito',8,NULL),(440,3,1,'2009-02-03 10:34:00','oatmeal from packets','breakfast at CMC',NULL,NULL),(441,3,1,'2009-02-03 12:18:00','mataar paneer, soup, diet soda','lunch at cmc',NULL,NULL),(442,0,1,'2009-02-04 14:14:00','cheerios, coffee','breakfast at home ',NULL,NULL),(443,0,1,'2009-02-04 14:15:00','bread bow of chili','lunch at loveland',NULL,NULL),(444,0,1,'2009-02-05 06:15:00','waffle with kids','breakfast at home',NULL,NULL),(445,1,1,'2009-02-05 12:35:00','frozen indian meal','lunch at cmc',NULL,NULL),(446,4,1,'2009-02-06 04:34:00','pizza, raison toast, cottage cheese, cheerios.','dinner at home',NULL,NULL),(447,2,1,'2009-02-06 05:37:00','frozen indian meal, diet coke','lunch at cmc',NULL,NULL),(448,2,1,'2009-02-06 06:08:00','oatmeal, coffee','breakfast at home',NULL,NULL),(449,2,1,'2009-02-06 12:50:00','sweet and sour chicken','lunch at cmc',NULL,NULL),(450,1,1,'2009-02-06 08:53:00','mervin breakfast burito','breakfast at CMC',3,NULL),(451,2,1,'2009-02-07 07:21:00','huge buffet! Ate way too much: omlets, ham, crepes, fruit, coffee, juice, bagel','breakfast at Snow Mt Ranch',NULL,NULL),(452,2,1,'2009-02-07 17:25:00','Awesome Buffet! roast beef, potatoes, veggies, fish, ','dinner at Snow Mt Ranch',12,NULL),(453,3,1,'2009-02-09 07:26:00','cheerios, coffee, banana','breakfast at home',NULL,NULL),(454,3,1,'2009-02-08 17:27:00','ham sandwich, 7-up, popcorn','dinner at home',NULL,NULL),(455,2,1,'2009-02-09 09:08:00','oatmeal, diet soda','mid morning snack',NULL,NULL),(456,2,1,'2009-02-09 12:45:00','small bowl of soup, diet soda','Lunch at CMC',2.01,NULL),(457,2,1,'2009-02-10 06:52:00','coffee, pop tart','breakfast at home',NULL,NULL),(458,4,1,'2009-02-10 07:38:00','oatmeal, coffee, chips, raison toast','breakfast at home',NULL,NULL),(459,2,1,'2009-02-10 12:02:00','spinach salad, ham hoagie','lunch at CMC',NULL,NULL),(460,3,1,'2009-02-10 19:45:00','two slices and several sodas','pizza at BJUG',NULL,NULL),(461,1,1,'2009-02-10 20:46:00','stuft burito, chips soda','Taco Bell',6,NULL),(462,2,1,'2009-02-11 07:47:00','banana bread, coffee','breakfast at home',NULL,NULL),(463,2,1,'2009-02-11 17:45:00','chicken wings, chips, beer! ','bar food for dinner',20,NULL),(464,2,1,'2009-02-12 05:02:00','coffee, cheerios','breakfast at home',NULL,NULL),(465,2,1,'2009-02-12 12:18:00','mataar paneer, diet soda','lunch at cmc',NULL,NULL),(466,1,1,'2009-02-14 06:43:00','mataar paneer','lunch at cmc',NULL,NULL),(467,2,1,'2009-02-14 15:11:00','coffee, chips','breakfast at home',NULL,NULL),(468,0,1,'2009-02-15 12:11:00','rotiserie chicken. ','dinner with alice and dad and arlene and aidan and luka at home',NULL,NULL),(469,3,1,'2009-02-16 09:50:00','fruit shake, coffee, oatmeal','breakfast at home',NULL,NULL),(470,0,1,'2009-02-15 17:03:00','alice made awesome stew, and NC spoon bread','beaf stew',NULL,NULL),(471,2,1,'2009-02-16 12:56:00','Edzilla, they had salads, drinks, Aidan had pizza: ','lunch at cmc with Dad, Alice, Aidan',18,NULL),(472,3,1,'2009-02-16 18:09:00','Alice made beef Strogonov','dinner at home with Alice, Dad, kids',NULL,NULL),(473,2,1,'2009-02-18 05:54:00','beef strogonov','dinner before hockey game',NULL,NULL),(474,3,1,'2009-02-18 07:59:00','fruit shake, coffee','breakfast at home',NULL,NULL),(475,0,1,'2009-02-18 12:48:00','veggie soup  Alice made. Orange','lunch at cmc',NULL,NULL),(476,2,1,'2009-02-19 07:37:00','raison toast, coffee, cutie, banana','breakfast at home',NULL,NULL),(477,0,1,'2009-02-19 12:55:00','awesome pork, rice and sweet pototoes, soda','lunch with Alice and Dad at CMC',NULL,NULL),(478,2,1,'2009-02-20 07:40:00','fruit shake before gym, coffee at home','coffee, fruit shake at home',NULL,NULL),(479,3,1,'2009-02-21 06:01:00','oatmeal, coffee, apple','breakfast at home',NULL,NULL),(480,0,1,'2009-02-21 23:16:00','7 bucks! Boycott','salad at Beu Jo\'s',NULL,NULL),(481,2,1,'2009-02-22 12:00:00','salad, Greek dressing, ','salad and fruit shake for lunch',NULL,NULL),(482,2,1,'2009-02-22 07:02:00','cheerios, coffee','breakfast at home',NULL,NULL),(483,2,1,'2009-02-23 07:06:00','Fruit Shake, coffee','Breakfast at home',NULL,NULL),(484,2,1,'2009-02-23 12:40:00','Edzilla, veggie soup Alice made','lunch at CMC',NULL,NULL),(485,2,1,'2009-02-23 16:49:00','hamburgers, light beer','Dinner at home with Dad',NULL,NULL),(486,2,1,'2009-02-24 07:52:00','cheerios, coffee','breakfast at home',NULL,NULL),(487,2,1,'2009-02-24 16:44:00','Arlene made nice whole wheet pasta and veggies','dinner at home with Grandpa Ed and everone',NULL,NULL),(488,3,1,'2009-02-25 05:45:00','cheerios, coffee, fruit shake','breakfast at home',NULL,NULL),(489,2,1,'2009-02-25 12:01:00','Edzilla, diet coke. Bought Dad lunch.','lunch with Dad at CMC',10,NULL),(490,2,1,'2009-02-25 17:00:00','Arlene brought home pizza and crazy bread','Wednesday pizza with Dad',5,NULL),(491,0,1,'2009-02-26 12:37:00','large bown','chile at CMC',3,NULL),(492,6,1,'2009-03-08 14:23:00','oatmeal, raison toast, coffee','breakfast at home',NULL,NULL),(493,2,1,'2009-03-09 15:03:00','oatmeal, coffee, fruit shake','breakfast at home',NULL,NULL),(494,0,1,'2009-03-09 12:52:00','Small bowl of chicken noodle soup, enchilada from home','lunch at CMC',NULL,NULL),(495,0,1,'2009-03-09 22:52:00','one packet','afternoon oatmeal. ',NULL,NULL),(496,1,1,'2009-03-10 07:31:00','coffee, cheerios','breakfast at home',NULL,NULL),(497,3,1,'2009-03-10 21:40:00','Edzilla, diet coke. Bought Dad lunch.','lunch at CMC',NULL,NULL),(498,2,1,'2009-03-11 12:01:00','with spinach. ','chicken ceasar wrap',4.79,NULL),(499,1,1,'2009-03-11 19:32:00','after long ride home from tivili, had a slice of pizza.','late dinner at home',NULL,NULL),(500,0,1,'2009-03-12 06:22:00','cinnamon role, coffee','breakfast at home',NULL,NULL),(501,1,1,'2009-03-12 13:01:00','Small bowl of chili','Lunch at CMC',1.91,NULL),(502,1,1,'2009-03-13 02:49:00','Woke up because of cold (stuffy head) and had a banana w peanut butter','late night snack',NULL,NULL),(503,2,1,'2009-03-13 10:50:00','coffee, oatmeal','breakfast at CMC',NULL,NULL),(504,4,1,'2009-03-13 12:00:00','kashi chicken pasta momodoro','lunch at work',NULL,NULL),(505,1,1,'2009-03-13 17:23:00','frozen echilada','enchilada',NULL,NULL),(506,4,1,'2009-03-14 12:34:00','apple,bagel w peanut butter, coffee','breakfast at home',NULL,NULL),(507,1,1,'2009-03-15 17:41:00','Awesome Sunday evening. Grilled a burger, had a couple beers. ','grilled burger on deck',NULL,NULL),(508,3,1,'2009-03-16 07:41:00','raison bran, coffee, bacon slices (3)','breakfast at home',NULL,NULL),(509,1,1,'2009-03-16 18:38:00','Grilled burgers out on deck. Beautiful afternoon.','dinner at home',NULL,NULL),(510,3,1,'2009-03-17 17:29:00','ate leftover burger w cheese and veggies, Amstel Light beer','dinner at home',NULL,NULL),(511,2,1,'2009-03-18 17:01:00','raison bran, coffee','breakfast at home',NULL,NULL),(512,4,1,'2009-03-18 12:04:00','Nice deli fixings','All hands meeting lunch',NULL,NULL),(513,3,1,'2009-03-24 12:20:00','soup and sandwich','lunch at CMC',2,NULL),(514,1,1,'2009-03-24 18:37:00','bacon slices, sandwich','dinner at home',NULL,NULL),(515,3,1,'2009-03-24 06:40:00','fruit smoothie','breakfast at home',NULL,NULL),(516,2,1,'2009-03-25 08:16:00','Oatmeal, coffee','breakfast at CMC',NULL,NULL),(517,2,1,'2009-03-25 12:17:00','Edzilla, diet coke','lunch at CMC',4.05,NULL),(518,2,1,'2009-03-25 15:42:00','carafe','afternoon coffee',NULL,NULL),(519,4,1,'2009-03-25 17:20:00','Dinner with Sgoutas\'. baked potato, chicken, salad, wine','dinner at home',NULL,NULL),(520,3,1,'2009-03-26 06:11:00','special k cereal, coffee, almonds, pastachios','breakfast at home',NULL,NULL),(521,3,1,'2009-03-27 06:16:00','fruit shake, coffee, special k','breakfast at home',NULL,NULL),(522,4,1,'2009-03-27 12:05:00','small chili, some chicken.','lunch at CMC',NULL,NULL),(523,3,1,'2009-03-30 07:07:00','special k, coffee','Breakfast at home',NULL,NULL),(524,1,1,'2009-03-30 22:25:00','soup','lunch at CMC',NULL,NULL),(525,2,1,'2009-03-31 03:04:00','starving so had a banana','early  morning snack',NULL,NULL),(526,2,1,'2009-03-31 06:05:00','coffee, cereal (special k)','breakfast at home',NULL,NULL),(527,4,1,'2009-03-31 19:36:00','Watched Nuggets beat the Nicks. Shared with Aidan: Footlong hotdog, sprite, popcorn, ice cream','Food at Basketball game',35,NULL),(528,2,1,'2009-04-01 19:36:00','oatmeal, coffee','breakfast at cmc',NULL,NULL),(529,3,1,'2009-04-01 12:36:00','healthy choice chicken and noodles','lunch at cmc',NULL,NULL),(530,7,1,'2009-04-02 05:03:00','special k cereal, coffee, almonds','breakfast at home',NULL,NULL),(531,2,1,'2009-04-01 19:05:00','very light: almonds, yogurt','dinner at home',NULL,NULL),(532,3,1,'2009-04-02 12:11:00','Kashi sweet and sour chicken','lunch at CMC',NULL,NULL),(533,2,1,'2009-04-02 17:39:00','Pei Wei spicy veggie stuff Arlene brought home','dinner at home',NULL,NULL),(534,1,1,'2009-04-03 12:10:00','frozen meal','Healthy Choice Chicken Marinara',NULL,NULL),(535,1,1,'2009-04-04 15:52:00','Served smothered','Wahoos Carnitas Burrito',9,NULL),(536,0,1,'2009-04-05 19:12:00','various veggetarian stuff','Takeout Indian From India\'s',49.51,NULL),(537,2,1,'2009-04-06 07:12:00','raison toast with honey, peanut butter. ','breakfast at home',NULL,NULL),(538,3,1,'2009-04-06 12:31:00','Mediteranean Pizza from Whole Foods','lunch at CMC',NULL,NULL),(539,3,1,'2009-04-08 06:09:00','cottage cheese, coffee','breakfast at home',NULL,NULL),(540,1,1,'2009-04-08 09:10:00','bread with honey','mid morning snack',NULL,NULL),(541,2,1,'2009-04-09 06:58:00','raison toast with honey','morning toast',NULL,NULL),(542,2,1,'2009-04-09 09:58:00','coffee, egg, sausage, veggie sandwich','breakfast at CMC',4,NULL),(543,1,1,'2009-04-08 12:58:00','bowl of soup','lunch at CMC',2,NULL),(544,0,1,'2009-04-08 19:04:00','beer, fried junk food','Bar food after DJUG',10,NULL),(545,2,1,'2009-04-10 09:18:00','Oatmeal, coffee','breakfast at CMC',NULL,NULL),(546,0,1,'2009-04-10 17:52:00','appetizers and beer','more bar food',16,NULL),(547,2,1,'2009-04-11 12:19:00','with cheese, spinach, shrooms','pastrami sandwich',NULL,NULL),(548,0,1,'2009-04-11 13:20:00','raison toast with honey','afternoon snack',NULL,NULL),(549,2,1,'2009-04-11 08:21:00','fruit shake, coffee','breakfast at home',NULL,NULL),(550,4,1,'2009-04-12 08:00:00','pancakes, coffee, sausage, bacon','breakfast at home',NULL,NULL),(551,3,1,'2009-04-13 07:45:00','fruit shake, coffee, almonds','breakfast at home',NULL,NULL),(552,2,1,'2009-04-13 12:28:00','Healthy Choice Chicken Margherita','lunch at CMC',NULL,NULL),(553,2,1,'2009-04-13 15:00:00','packet + raw oats + honey','afternoon oatmeal. ',NULL,NULL),(554,3,1,'2009-04-13 18:38:00','bean soup, salad, almonds','Dinner at home',NULL,NULL),(555,3,1,'2009-04-14 05:22:00','fruit shake, cottage cheese, coffee','breakfast at home',NULL,NULL),(556,2,1,'2009-04-14 19:08:00','Grilled and ate cheeseburger, lettuce, asparagus, soda pop (diet)','Grilled Cheesburger on Deck',NULL,NULL),(557,2,1,'2009-04-15 07:16:00','fruit shake, coffee, almonds','breakfast at home',NULL,NULL),(558,3,1,'2009-04-15 21:16:00','turkey burger, beef burger with cheese, diet coke','lunch at CMC',NULL,NULL),(559,2,1,'2009-04-15 19:00:00','cottage cheese, almonds','Dinner at home',NULL,NULL),(560,2,1,'2009-04-16 07:00:00','fruit shake, coffee, almonds, oatmeal','breakfast at home',NULL,NULL),(561,1,1,'2009-04-16 13:00:00','mataar paneer','Lunch at CMC',NULL,NULL),(562,3,1,'2009-04-16 13:35:00','Way too much: Edzilla, palak paneer, diet coke','lunch at CMC',NULL,NULL),(563,4,1,'2009-04-17 05:40:00','fruit shake, coffee, almonds','breakfast at home',NULL,NULL),(564,8,1,'2009-04-17 12:42:00','on my way to Al\'s Deployment ceremony I stopped at Safeway','lunch at Safeway',NULL,NULL),(565,0,1,'2009-04-19 14:43:00','Click here to enter description','dinner at home',NULL,NULL),(566,0,1,'2009-04-17 16:46:00','not sure...','Dinner at home',NULL,NULL),(567,0,1,'2009-04-18 09:47:00','pancakes,  coffee, almonds','saturday breakfast',NULL,NULL),(568,4,1,'2009-04-18 09:50:00','Woke up late. pancakes, coffee, almonds. Shoveled the driveway with the boys. It was still snowing, wet heavy snow. It turned to rain by the time we finished. ','saturday breakfast',NULL,NULL),(569,0,1,'2009-04-18 19:05:00','turkey burger, chicken soup, personnal pizza slices','Saturday dinner',NULL,NULL),(570,0,1,'2009-04-18 12:06:00','coffee, sandwich','Saturday lunch',NULL,NULL),(571,4,1,'2009-04-19 07:07:00','special k cereal, coffee, almonds','Sunday breakfast',NULL,NULL),(572,0,1,'2009-04-19 17:50:00','Huge.','Greek Easter banquet',NULL,NULL),(573,1,1,'2009-04-20 14:49:00','special k cereal, coffee','breakfast at home',NULL,NULL),(574,0,1,'2009-04-20 12:51:00','leftovers from Greek Easter: Yum!','lunch at CMC ',NULL,NULL),(575,3,1,'2009-04-21 07:50:00','fruit shake, coffee','breakfast at home',NULL,NULL),(576,3,1,'2009-04-21 12:50:00','palak paneer, deli sandwich','Lunch at CMC',NULL,NULL),(577,2,1,'2009-04-22 12:33:00','large ceasar salad, iced tea','lunch at Dirk\'s',NULL,NULL),(578,2,1,'2009-04-22 15:16:00','bowl of raw oats with honey','afternoon oatmeal. ',NULL,NULL),(579,3,1,'2009-04-24 09:10:00','2 apples, coffee, egg/cheese/croisant','breakfast at home/cmc',NULL,NULL),(580,2,1,'2009-04-24 12:20:00','mexi salad, diet coke','lunch at CMC',NULL,NULL),(581,0,1,'2009-04-25 15:52:00','Aidan and I went to see Earth at Regency theater','popcorn and soda at movie',20,NULL),(582,0,1,'2009-04-25 07:53:00','Cereal, coffee, fruit shake','Breakfast at home',NULL,NULL),(583,1,1,'2009-04-25 10:54:00','second half of pizza','Lunch at home',NULL,NULL),(584,3,1,'2009-04-27 07:28:00','fruit shake, coffee, almonds','Breakfast at home',NULL,NULL),(585,2,1,'2009-04-27 19:59:00','turkey sandwich, diet soda','lunch at  cmc',NULL,NULL),(586,3,1,'2009-04-28 05:33:00','fruit shake, coffee, almonds','breakfast at home',NULL,NULL),(587,4,1,'2009-04-27 17:34:00','fruit shake, cottage cheese, almonds','dinner at home',NULL,NULL),(588,4,1,'2009-04-29 07:04:00','Fruit Shake, almonds, coffee','breakfast at home',NULL,NULL),(589,2,1,'2009-04-28 12:04:00','Healthy Choice Cafe Steamer, got hungry bought an Edzilla wrap','lunch at CMC',NULL,NULL),(590,2,1,'2009-04-29 12:31:00','Los dos Portillos fajitas (huge)','lunch with Ontario boys',NULL,NULL),(591,0,1,'2009-04-29 18:31:00','popcorn, roasted chicken','Dinner at home',5,NULL),(592,2,1,'2009-04-29 18:34:00','rotisserie chicken, almonds','dinner at home ',NULL,NULL),(593,4,1,'2009-04-30 12:08:00','leftover Mexican, Tortilla Soup. fruit shake','lunch at CMC',2,NULL),(594,1,1,'2009-04-30 07:08:00','coffee, almonds','breakfast at home',NULL,NULL),(595,3,1,'2009-05-01 05:57:00','fruit shake, coffee, almonds','breakfast at hom',NULL,NULL),(596,0,1,'2009-05-01 19:58:00','chicken masala','huge indian meal at star of indias',NULL,NULL),(597,3,1,'2009-05-04 16:16:00','fruit shake, coffee, almonds','Breakfast ',NULL,NULL),(598,0,1,'2009-05-04 09:16:00','Mike Moreno offered me a piece. I graciously accepted. ','Que Sadilla slice',NULL,NULL),(599,3,1,'2009-05-05 07:36:00','fruit shake, almonds, coffee','breakfast at home',NULL,NULL),(600,2,1,'2009-05-05 16:42:00','salad, Newmans Italian, cottage cheese. ','Dinner at home',NULL,NULL),(601,4,1,'2009-05-05 11:46:00','chicken soup, half a turkey burger,almonds, diet 7-up','lunch at home',NULL,NULL),(602,1,1,'2009-05-06 12:16:00','Edzilla, diet coke','lunch at cmc',NULL,NULL),(603,1,1,'2009-05-06 17:11:00','ate half the plate','Noodles whole wheat linguini',NULL,NULL),(604,2,1,'2009-05-07 07:16:00','special k cereal, coffee, almonds','breakfast at home',NULL,NULL),(605,1,1,'2009-05-07 13:44:00','Milo\'s last day so I had an Edzilla + bowl of chili','Lunch at CMC',NULL,NULL),(606,2,1,'2009-05-07 17:04:00','cottage cheese, almonds','dinner at home',NULL,NULL),(607,0,1,'2009-05-08 12:14:00','small bowl','clam chowder',2,NULL),(608,0,1,'2009-05-08 12:20:00','con carne','bowl of chili',2,NULL),(609,0,1,'2009-05-08 18:13:00','Friday date night. ','PF Chang\'s with Arlene',NULL,NULL),(610,0,1,'2009-05-10 16:13:00','Made carrot cake!','Mother\'s Day ',NULL,NULL);
/*!40000 ALTER TABLE `meal` ENABLE KEYS */;
UNLOCK TABLES;

--
-- Table structure for table `nutrition_data`
--

DROP TABLE IF EXISTS `nutrition_data`;
SET @saved_cs_client     = @@character_set_client;
SET character_set_client = utf8;
CREATE TABLE `nutrition_data` (
  `id` bigint(20) NOT NULL auto_increment,
  `version` bigint(20) NOT NULL,
  `calories` int(11) default NULL,
  `description` varchar(255) default NULL,
  `food_id` bigint(20) default NULL,
  `grams` int(11) default NULL,
  `grams_fat` int(11) default NULL,
  `serving_size` int(11) default NULL,
  `grams_protein` int(11) default NULL,
  PRIMARY KEY  (`id`),
  KEY `FK86F4ABF1D792211A` (`food_id`)
) ENGINE=MyISAM AUTO_INCREMENT=193 DEFAULT CHARSET=latin1;
SET character_set_client = @saved_cs_client;

--
-- Dumping data for table `nutrition_data`
--

LOCK TABLES `nutrition_data` WRITE;
/*!40000 ALTER TABLE `nutrition_data` DISABLE KEYS */;
INSERT INTO `nutrition_data` VALUES (2,1,0,'Turkey sandwich',3,0,0,0,NULL),(1,0,0,'bagel',9,0,0,0,NULL),(3,0,0,'default empty data',1,NULL,0,0,NULL),(4,0,200,'Click here to enter description',1,NULL,4,50,NULL),(5,3,0,'mervin omlet: 2 eggs, veggies, sausage, green chile',60,NULL,0,98,NULL),(6,1,NULL,'test aroony',77,NULL,NULL,NULL,NULL),(7,1,NULL,'test animation',78,NULL,NULL,NULL,NULL),(8,1,NULL,'test no animation',79,NULL,NULL,NULL,NULL),(9,1,NULL,'cheesy potatoes',80,NULL,NULL,NULL,NULL),(10,1,NULL,'lemonade',81,NULL,NULL,NULL,NULL),(11,2,190,'oatmeal packets',14,NULL,3,50,6),(12,1,NULL,'pasta salad',82,NULL,NULL,NULL,NULL),(13,1,NULL,'rye toast',83,NULL,NULL,NULL,NULL),(14,1,NULL,'cheesy vegetable soup',84,NULL,NULL,NULL,NULL),(15,0,NULL,'large diet coke',26,NULL,NULL,NULL,NULL),(16,1,NULL,'non diet soda',85,NULL,NULL,NULL,NULL),(17,0,NULL,'vitamin water',68,NULL,NULL,NULL,NULL),(18,1,NULL,'subway sandwich',86,NULL,NULL,NULL,NULL),(19,1,NULL,'cheetos',87,NULL,NULL,NULL,NULL),(20,1,NULL,'popcorn',88,NULL,NULL,NULL,NULL),(21,1,NULL,'hash browns',89,NULL,NULL,NULL,NULL),(22,2,140,'pancakes',90,NULL,1,20,NULL),(23,1,NULL,'Hot Chocolate',91,NULL,NULL,NULL,NULL),(24,2,150,'turkey burger',92,NULL,85,5,22),(25,2,210,'zone bar',93,NULL,7,50,NULL),(26,0,NULL,'raw oatmeal',1,NULL,NULL,NULL,NULL),(27,1,NULL,'soup from caferia',94,NULL,NULL,NULL,NULL),(28,1,NULL,'miscellaneous bar food',95,NULL,NULL,NULL,NULL),(29,1,NULL,'chicken dino nuggets',96,NULL,NULL,NULL,NULL),(30,1,NULL,'fudge bar',97,NULL,NULL,NULL,NULL),(31,1,NULL,'coffee cake',98,NULL,NULL,NULL,NULL),(32,1,NULL,'large burito',99,NULL,NULL,NULL,NULL),(33,0,NULL,'harvest burger',1,NULL,NULL,NULL,NULL),(34,2,240,'power bar',100,NULL,4,NULL,NULL),(35,1,NULL,'grapefruit',101,NULL,NULL,NULL,NULL),(36,1,NULL,'veggie burger',38,NULL,NULL,NULL,NULL),(37,1,NULL,'einstein\'s egg pannini',102,NULL,NULL,NULL,NULL),(38,1,NULL,'pastrami sandwich',103,NULL,NULL,NULL,NULL),(39,1,NULL,'penne rosa',104,NULL,NULL,NULL,NULL),(40,3,250,'clif bar',105,NULL,6,68,NULL),(41,0,NULL,'garden salad',10,NULL,NULL,NULL,NULL),(42,0,NULL,'orange',61,NULL,NULL,NULL,NULL),(43,0,NULL,'banana',7,NULL,NULL,NULL,NULL),(44,0,NULL,'can of diet soda',57,NULL,NULL,NULL,NULL),(45,1,NULL,'Italian Wedding Soup',106,NULL,NULL,NULL,NULL),(46,1,NULL,'mini burger w cheese',107,NULL,NULL,NULL,NULL),(47,1,NULL,'pita burger',108,NULL,NULL,NULL,NULL),(48,1,NULL,'corndog',109,NULL,NULL,NULL,NULL),(49,1,NULL,'cereal, special K',110,NULL,NULL,NULL,NULL),(50,1,100,'yogurt',5,NULL,0,NULL,5),(51,1,NULL,'stir fry',111,NULL,NULL,NULL,NULL),(52,1,NULL,'buffalo hot dog',112,NULL,NULL,NULL,NULL),(53,1,NULL,'veggie breakfast sausage',113,NULL,NULL,NULL,NULL),(54,1,NULL,'ice cream',114,NULL,NULL,NULL,NULL),(55,1,NULL,'little chewy granola bar',115,NULL,NULL,NULL,NULL),(56,1,NULL,'cole slaw',116,NULL,NULL,NULL,NULL),(57,1,NULL,'watermellon',117,NULL,NULL,NULL,NULL),(58,1,NULL,'chocoloate chip cookie',118,NULL,NULL,NULL,NULL),(59,1,NULL,'ice cream cone',119,NULL,NULL,NULL,NULL),(60,1,NULL,'ice tea',120,NULL,NULL,NULL,NULL),(61,1,NULL,'ice tea',121,NULL,NULL,NULL,NULL),(62,0,NULL,'arlene\'s muffins',37,NULL,NULL,NULL,NULL),(63,1,150,'cheese pizza slice',6,NULL,8,NULL,NULL),(64,1,NULL,'rice bowl with chicken and beef',122,NULL,NULL,NULL,NULL),(65,1,NULL,'personnal pizza',123,NULL,NULL,NULL,NULL),(66,2,320,'Mattar Paneer',124,NULL,8,NULL,NULL),(67,3,270,'Palak Paneer',125,NULL,9,283,10),(68,3,120,'power bar gel',126,NULL,2,NULL,NULL),(69,0,NULL,'EdZilla wrap',46,NULL,NULL,NULL,NULL),(70,2,210,'Small Bag of Sun Chips',127,NULL,10,NULL,NULL),(71,1,NULL,'noodles whole wheat linguini with chicken',128,NULL,NULL,NULL,NULL),(72,1,NULL,'ice cream bar',129,NULL,NULL,NULL,NULL),(73,2,500,'salad to go',130,NULL,33,NULL,43),(74,3,160,'packaged salad dressing, single serving',131,NULL,17,1,0),(75,2,230,'almonds, half cup',132,NULL,25,42,10),(76,2,500,'Chef\'s Salad',133,NULL,33,324,43),(77,2,60,'Garden Salad',134,NULL,19,252,2),(78,1,NULL,'fig newmans',135,NULL,NULL,NULL,NULL),(79,1,NULL,'apple',136,NULL,NULL,NULL,NULL),(80,1,NULL,'amstel light beer',137,NULL,NULL,NULL,NULL),(81,1,NULL,'Raison Bran',138,NULL,NULL,NULL,NULL),(82,1,NULL,'Whole Wheat Pasta W Meatballs, marinara sauce',139,NULL,NULL,NULL,NULL),(83,1,NULL,'PowerAid drink',140,NULL,NULL,NULL,NULL),(84,1,NULL,'organic beef hot dog',141,NULL,NULL,NULL,NULL),(85,1,NULL,'test adding new foo',142,NULL,NULL,NULL,NULL),(86,1,NULL,'Gumbo',143,NULL,NULL,NULL,NULL),(87,1,NULL,'Dark Chocolare bar',144,NULL,NULL,NULL,NULL),(88,2,1000,'Mervin Breakfast Burrito',145,NULL,NULL,NULL,NULL),(89,2,300,'bowl of chili',146,NULL,13,246,17),(90,1,NULL,'beer, Amstel Light',147,NULL,NULL,NULL,NULL),(91,1,NULL,'bread stick',148,NULL,NULL,NULL,NULL),(92,1,NULL,'Cottage Cheese, low fat',149,NULL,NULL,NULL,NULL),(93,1,NULL,'Raison toast',150,NULL,NULL,NULL,NULL),(94,1,NULL,'carot',151,NULL,NULL,NULL,NULL),(95,2,230,'small bag of chips',152,NULL,15,NULL,3),(96,1,NULL,'pork sausage',153,NULL,NULL,NULL,NULL),(97,1,NULL,'pork bacon',154,NULL,NULL,NULL,NULL),(98,1,NULL,'pancakes, large',155,NULL,NULL,NULL,NULL),(99,1,NULL,'orange juice',156,NULL,NULL,NULL,NULL),(100,1,NULL,'Amy\'s frozen Enchilada w cheese',157,NULL,NULL,NULL,NULL),(101,1,NULL,'Angus Burger',158,NULL,NULL,NULL,NULL),(102,1,NULL,'tater tots',159,NULL,NULL,NULL,NULL),(103,2,320,'Amy\'s Indian Mattar Paneer',160,NULL,8,284,11),(104,1,NULL,'popcorn from vending machine',161,NULL,NULL,NULL,NULL),(105,1,NULL,'waffle',162,NULL,NULL,NULL,NULL),(106,1,NULL,'spare ribs',163,NULL,NULL,NULL,NULL),(107,1,NULL,'French Fries',164,NULL,NULL,NULL,NULL),(108,1,NULL,'brocoli, steamed',165,NULL,NULL,NULL,NULL),(109,1,NULL,'McMervin Sandwich',166,NULL,NULL,NULL,NULL),(110,1,NULL,'Blue Moon beer',167,NULL,NULL,NULL,NULL),(111,1,NULL,'Beef Fajitas',168,NULL,NULL,NULL,NULL),(112,1,NULL,'cottage cheese',169,NULL,NULL,NULL,NULL),(113,1,NULL,'heineken beer',170,NULL,NULL,NULL,NULL),(114,1,NULL,'turkey leg',171,NULL,NULL,NULL,NULL),(115,1,NULL,'stuffing',172,NULL,NULL,NULL,NULL),(116,1,NULL,'cheese slice',173,NULL,NULL,NULL,NULL),(117,1,NULL,'mandarin orange',174,NULL,NULL,NULL,NULL),(118,1,NULL,'tootsie roll',175,NULL,NULL,NULL,NULL),(119,1,NULL,'banana bread',176,NULL,NULL,NULL,NULL),(120,1,NULL,'plate of Mongolian BBQ',177,NULL,NULL,NULL,NULL),(121,1,NULL,'lasagna',178,NULL,NULL,NULL,NULL),(122,1,NULL,'corn chowder',179,NULL,NULL,NULL,NULL),(123,1,NULL,'parceta',180,NULL,NULL,NULL,NULL),(124,1,NULL,'sangria',181,NULL,NULL,NULL,NULL),(125,1,NULL,'bread stick',182,NULL,NULL,NULL,NULL),(126,1,NULL,'veggie w chicken saute',183,NULL,NULL,NULL,NULL),(127,1,NULL,'Samosa',184,NULL,NULL,NULL,NULL),(128,1,NULL,'veggie thing with nuts',185,NULL,NULL,NULL,NULL),(129,2,240,'yogurt serving',186,NULL,2,6,9),(130,2,100,'Quaker Chewy Granola Bar',187,NULL,3,24,1),(131,1,NULL,'turkey pastrami sandwidch',188,NULL,NULL,NULL,NULL),(132,1,NULL,'candy bar',189,NULL,NULL,NULL,NULL),(133,1,NULL,'spinach pasta with sauce',190,NULL,NULL,NULL,NULL),(134,1,NULL,'Christmas cookie',191,NULL,NULL,NULL,NULL),(135,1,NULL,'Tuna Caserole',192,NULL,NULL,NULL,NULL),(136,1,NULL,'Turkey slices',193,NULL,NULL,NULL,NULL),(137,1,NULL,'mashed potatos',194,NULL,NULL,NULL,NULL),(138,1,NULL,'pecan pie',195,NULL,NULL,NULL,NULL),(139,1,NULL,'apple pie',196,NULL,NULL,NULL,NULL),(140,2,114,'cheerios',197,NULL,1,30,2),(141,1,NULL,'oreo cookies',198,NULL,NULL,NULL,NULL),(142,2,200,'misc candy',199,NULL,NULL,NULL,NULL),(143,2,310,'General Tao Chicken',200,NULL,5,269,16),(144,2,90,'Special K bar',201,NULL,2,23,1),(145,1,NULL,'chicken hot dog',202,NULL,NULL,NULL,NULL),(146,1,NULL,'chicken Ceasar Sandwich',203,NULL,NULL,NULL,NULL),(147,1,NULL,'corona beer',204,NULL,NULL,NULL,NULL),(148,1,NULL,'Spaghetti w/sauce',205,NULL,NULL,NULL,NULL),(149,1,NULL,'turkey meat balls',206,NULL,NULL,NULL,NULL),(150,1,NULL,'Fried Chicken Thigh',207,NULL,NULL,NULL,NULL),(151,1,NULL,'fried chicken breast',208,NULL,NULL,NULL,NULL),(152,1,NULL,'green beans',209,NULL,NULL,NULL,NULL),(153,1,NULL,'corn',210,NULL,NULL,NULL,NULL),(154,1,NULL,'Salmon steak',211,NULL,NULL,NULL,NULL),(155,1,NULL,'margarita',212,NULL,NULL,NULL,NULL),(156,1,NULL,'que sadillas',213,NULL,NULL,NULL,NULL),(157,2,320,'Kashi Sweet and Sour Chicken',214,NULL,3,283,18),(158,1,NULL,'cheese omlet',215,NULL,NULL,NULL,NULL),(159,1,NULL,'roast beef',216,NULL,NULL,NULL,NULL),(160,1,NULL,'Ham Sandwich w cheese',217,NULL,NULL,NULL,NULL),(161,1,NULL,'pop tart',218,NULL,NULL,NULL,NULL),(162,1,NULL,'Spinach Salad',219,NULL,NULL,NULL,NULL),(163,1,NULL,'taco bell stuft burito',220,NULL,NULL,NULL,NULL),(164,1,NULL,'chicken wings',221,NULL,NULL,NULL,NULL),(165,1,NULL,'Stella Artios',222,NULL,NULL,NULL,NULL),(166,1,NULL,'handful of doritos',223,NULL,NULL,NULL,NULL),(167,1,NULL,'fruit shake',224,NULL,NULL,NULL,NULL),(168,1,NULL,'Beef stroganov',225,NULL,NULL,NULL,NULL),(169,1,NULL,'Red Wine',226,NULL,NULL,NULL,NULL),(170,1,NULL,'Vegetable Soup',227,NULL,NULL,NULL,NULL),(171,1,NULL,'Cheeseburger',228,NULL,NULL,NULL,NULL),(172,1,NULL,'beer, Bud Light',229,NULL,NULL,NULL,NULL),(173,1,NULL,'Chicken Ceasar Wrap',230,NULL,NULL,NULL,NULL),(174,2,280,'Chicken Pasta Pomodoro',231,NULL,6,283,19),(175,1,NULL,'bagel',232,NULL,NULL,NULL,NULL),(176,1,NULL,'peanut butter',233,NULL,NULL,NULL,NULL),(177,1,NULL,'baked potato',234,NULL,NULL,NULL,NULL),(178,1,NULL,'rotisserie chicken',235,NULL,NULL,NULL,NULL),(179,1,NULL,'white wine',236,NULL,NULL,NULL,NULL),(180,1,NULL,'hot dog',237,NULL,NULL,NULL,NULL),(181,3,300,'Healthy Choice Chicken Margherita',238,NULL,8,285,17),(182,2,160,'Sheltons\'s Turkey Sausage Patties',239,NULL,14,56,8),(183,1,NULL,'Egg Role',240,NULL,NULL,NULL,NULL),(184,2,270,'healthy choice chicken marinara',241,NULL,4,284,21),(185,2,1000,'Wahoo\'s Carnitas Burrito',242,NULL,20,NULL,42),(186,1,NULL,'bread with honey',243,NULL,NULL,NULL,NULL),(187,1,NULL,'natural honey',244,NULL,NULL,NULL,NULL),(188,1,NULL,'beef barley soup',245,NULL,NULL,NULL,NULL),(189,1,NULL,'honey, tablespoon',246,NULL,NULL,NULL,NULL),(190,1,NULL,'bean soup',247,NULL,NULL,NULL,NULL),(191,1,NULL,'string cheese',248,NULL,NULL,NULL,NULL),(192,1,NULL,'chicken ceasar salad',249,NULL,NULL,NULL,NULL);
/*!40000 ALTER TABLE `nutrition_data` ENABLE KEYS */;
UNLOCK TABLES;

--
-- Table structure for table `requestmap`
--

DROP TABLE IF EXISTS `requestmap`;
SET @saved_cs_client     = @@character_set_client;
SET character_set_client = utf8;
CREATE TABLE `requestmap` (
  `id` bigint(20) NOT NULL auto_increment,
  `version` bigint(20) NOT NULL,
  `config_attribute` varchar(255) NOT NULL,
  `url` varchar(255) NOT NULL,
  PRIMARY KEY  (`id`),
  UNIQUE KEY `url` (`url`)
) ENGINE=MyISAM AUTO_INCREMENT=4 DEFAULT CHARSET=latin1;
SET character_set_client = @saved_cs_client;

--
-- Dumping data for table `requestmap`
--

LOCK TABLES `requestmap` WRITE;
/*!40000 ALTER TABLE `requestmap` DISABLE KEYS */;
INSERT INTO `requestmap` VALUES (3,0,'ROLE_COACH,','/course/delete/**');
/*!40000 ALTER TABLE `requestmap` ENABLE KEYS */;
UNLOCK TABLES;

--
-- Table structure for table `role`
--

DROP TABLE IF EXISTS `role`;
SET @saved_cs_client     = @@character_set_client;
SET character_set_client = utf8;
CREATE TABLE `role` (
  `id` bigint(20) NOT NULL auto_increment,
  `version` bigint(20) NOT NULL,
  `authority` varchar(255) NOT NULL,
  `description` varchar(255) NOT NULL,
  PRIMARY KEY  (`id`)
) ENGINE=MyISAM AUTO_INCREMENT=4 DEFAULT CHARSET=latin1;
SET character_set_client = @saved_cs_client;

--
-- Dumping data for table `role`
--

LOCK TABLES `role` WRITE;
/*!40000 ALTER TABLE `role` DISABLE KEYS */;
INSERT INTO `role` VALUES (1,3,'ROLE_COACH','trains athletes'),(2,38,'ROLE_ATHLETE','jock'),(3,0,'ROLE_MANAGER','has some administration abilities');
/*!40000 ALTER TABLE `role` ENABLE KEYS */;
UNLOCK TABLES;

--
-- Table structure for table `role_auth_user`
--

DROP TABLE IF EXISTS `role_auth_user`;
SET @saved_cs_client     = @@character_set_client;
SET character_set_client = utf8;
CREATE TABLE `role_auth_user` (
  `authorities_id` bigint(20) NOT NULL,
  `people_id` bigint(20) NOT NULL,
  PRIMARY KEY  (`people_id`,`authorities_id`),
  KEY `FKFB14EF798F01F561` (`people_id`),
  KEY `FKFB14EF79287E0CAC` (`authorities_id`)
) ENGINE=MyISAM DEFAULT CHARSET=latin1;
SET character_set_client = @saved_cs_client;

--
-- Dumping data for table `role_auth_user`
--

LOCK TABLES `role_auth_user` WRITE;
/*!40000 ALTER TABLE `role_auth_user` DISABLE KEYS */;
INSERT INTO `role_auth_user` VALUES (1,1),(1,2),(6,2),(8,2),(13,2),(14,2),(19,2),(21,2),(23,2),(24,2);
/*!40000 ALTER TABLE `role_auth_user` ENABLE KEYS */;
UNLOCK TABLES;

--
-- Table structure for table `user`
--

DROP TABLE IF EXISTS `user`;
SET @saved_cs_client     = @@character_set_client;
SET character_set_client = utf8;
CREATE TABLE `user` (
  `id` bigint(20) NOT NULL auto_increment,
  `version` bigint(20) NOT NULL,
  `created_at` datetime NOT NULL,
  `email_address` varchar(255) NOT NULL,
  `login` varchar(255) NOT NULL,
  `name` varchar(255) NOT NULL,
  `password` varchar(255) NOT NULL,
  `class` varchar(255) NOT NULL,
  `date_of_birth` datetime default NULL,
  `gender` varchar(1) default NULL,
  `postal_address` varchar(255) default NULL,
  PRIMARY KEY  (`id`),
  UNIQUE KEY `login` (`login`)
) ENGINE=MyISAM AUTO_INCREMENT=2 DEFAULT CHARSET=latin1;
SET character_set_client = @saved_cs_client;

--
-- Dumping data for table `user`
--

LOCK TABLES `user` WRITE;
/*!40000 ALTER TABLE `user` DISABLE KEYS */;
INSERT INTO `user` VALUES (1,0,'2008-02-19 13:40:00','ejy@summitbid.com','edderd','ed','gr00vy','Athlete','1963-10-28 13:40:00','M','');
/*!40000 ALTER TABLE `user` ENABLE KEYS */;
UNLOCK TABLES;

--
-- Table structure for table `workout`
--

DROP TABLE IF EXISTS `workout`;
SET @saved_cs_client     = @@character_set_client;
SET character_set_client = utf8;
CREATE TABLE `workout` (
  `id` bigint(20) NOT NULL auto_increment,
  `version` bigint(20) NOT NULL,
  `athlete_id` bigint(20) default NULL,
  `avg_heart_rate` int(11) default NULL,
  `description` varchar(255) NOT NULL,
  `end_date_time` datetime NOT NULL,
  `location` varchar(255) NOT NULL,
  `max_heart_rate` int(11) default NULL,
  `min_heart_rate` int(11) default NULL,
  `name` varchar(255) NOT NULL,
  `start_date_time` datetime NOT NULL,
  `distance` float default NULL,
  `animation` varchar(255) default NULL,
  `course_id` bigint(20) default NULL,
  `duration` int(11) default NULL,
  PRIMARY KEY  (`id`),
  KEY `FK5AE8429D30B03D3A` (`athlete_id`),
  KEY `FK5AE8429D4F96694E` (`athlete_id`),
  KEY `FK5AE8429DD006A3FA` (`course_id`)
) ENGINE=MyISAM AUTO_INCREMENT=238 DEFAULT CHARSET=latin1;
SET character_set_client = @saved_cs_client;

--
-- Dumping data for table `workout`
--

LOCK TABLES `workout` WRITE;
/*!40000 ALTER TABLE `workout` DISABLE KEYS */;
INSERT INTO `workout` VALUES (1,0,1,NULL,'discussed fitness plan','2008-02-03 06:49:00','24 Hour Fitness @ Tamarac',NULL,NULL,'trainer appointment','2008-02-03 05:00:00',NULL,NULL,NULL,NULL),(2,0,1,NULL,'weights and isometrics','2008-02-05 06:50:00','24 Hour Fitness @ Tamarac',NULL,NULL,'trainer workout','2008-02-05 05:00:00',NULL,NULL,NULL,NULL),(3,0,1,168,'1 hour spin and hacky sack warmdown','2008-02-08 06:40:00','24 Hour Fitness @ Tamarac',195,NULL,'spin class','2008-02-08 05:30:00',NULL,NULL,NULL,NULL),(4,1,1,NULL,'played with luka at westland park','2008-02-09 13:17:00','westland park',NULL,NULL,'played at park','2008-02-09 12:17:00',NULL,NULL,NULL,NULL),(5,0,1,NULL,'30 mins jog/dribble bball','2008-02-11 06:45:00','24 Hour Fitness @Tamarac',NULL,NULL,'gym workout','2008-02-11 05:30:00',NULL,NULL,NULL,NULL),(6,0,1,NULL,'1 hour spin + warm down','2008-02-13 06:45:00','24 Hour Fitness @Tamarac',NULL,NULL,'spin class','2008-02-13 05:30:00',NULL,NULL,NULL,NULL),(7,1,1,149,'1  hour spin + hacky sack, situps, bench press','2008-02-15 06:45:00','24 Hour Fitness @Tamarac',220,NULL,'spin class','2008-02-15 05:30:00',NULL,NULL,NULL,NULL),(8,3,1,NULL,'sack, situps, assisted dips','2008-02-16 18:15:00','24 Hour fitness @ Tamarac',NULL,NULL,'Gym workout, hacky sack session','2008-02-16 17:15:00',NULL,'http://www.youtube.com/v/DhZwU3Cp0Pc&hl=en',NULL,NULL),(9,1,1,NULL,'jog/dribble, footbag, weights,situps','2008-02-19 07:01:00','24 Hour Fitness @Tamarac',NULL,NULL,'gym workout','2008-02-19 05:01:00',NULL,NULL,1,NULL),(10,4,1,155,'12.57 mi. from work to car at Quincy','2008-02-19 16:26:00','cmc to quincy via hlc',NULL,NULL,'bike commute from work','2008-02-19 15:26:00',12.57,NULL,1,NULL),(11,0,1,NULL,'abs iso, leg press, rowing machine, rubber band','2008-02-20 06:21:00','24 Hour Fitness @Tamarac',NULL,NULL,'trainer workout','2008-02-20 05:21:00',NULL,NULL,NULL,NULL),(12,0,1,NULL,'played with boys downstairs: Exhausting','2008-02-20 18:38:00','downstairs playroom',NULL,NULL,'wrestled with kids','2008-02-21 15:38:00',NULL,NULL,NULL,NULL),(13,0,1,NULL,'Ski at Winter Park','2008-02-22 15:02:00','winter park colorado',NULL,NULL,'Downhill Ski','2008-02-22 10:02:00',NULL,NULL,NULL,NULL),(14,0,1,NULL,'at winter park','2008-02-23 15:05:00','winter park colorado',NULL,NULL,'Downhill Ski','2008-02-23 09:05:00',NULL,NULL,NULL,NULL),(15,0,1,NULL,'played keep away from Luka','2008-02-24 19:07:00','denver jazzercise',NULL,NULL,'played with kids','2008-02-24 17:07:00',NULL,NULL,NULL,NULL),(16,0,1,NULL,'Pulled Luka in trailer and Aidan rode his bike to Performance bicycle. ','2008-02-24 17:08:00','Highline canal',NULL,NULL,'Rode bikes to Performance N Jazzercise','2008-02-24 16:08:00',NULL,NULL,NULL,NULL),(21,0,1,NULL,'hacky sack session, lunges, ab iso, ab machine, assisted dips, sitting bench press machine,','2008-03-11 05:55:00','24 Hour Fitness @Tamarac',NULL,NULL,'gym workout','2008-03-11 09:55:00',NULL,NULL,NULL,NULL),(18,0,1,NULL,'jog/dribble, footbag, weights,situps','2008-02-26 06:45:00','24 Hour Fitness @Tamarac',NULL,NULL,'gym workout','2008-02-26 05:30:00',NULL,NULL,NULL,NULL),(19,1,1,NULL,'wrestled and tossed him around. I specified the bench press as the exercise, but it\'s pretty close. ','2008-02-26 20:50:00','home',NULL,NULL,'played with Luka','2008-02-26 20:37:00',NULL,NULL,NULL,NULL),(20,1,1,NULL,'Rode with Aidan and pulled Luka to Wash park. They played, I hackysack sessioned.','2008-03-10 07:01:00','Washington Park',NULL,NULL,'Bike ride/play at Wash Park with kids','2008-03-10 07:01:00',NULL,NULL,NULL,NULL),(22,0,1,NULL,'Pulled Luka home from village through Cherry Creek. Saw Jamey Leonard on the way. Beautiful evening. ','2008-03-11 19:38:00','Cherry Creek Park',NULL,NULL,'Rode Home from Village','2008-03-11 18:38:00',NULL,NULL,NULL,NULL),(23,0,1,NULL,'pulled Luka to school on bike via Dam Road path','2008-03-12 13:41:00','225 Dam road',NULL,NULL,'bike pulling trailer','2008-03-12 13:41:00',NULL,NULL,NULL,NULL),(24,0,1,NULL,'Click here to enter description','2008-03-13 01:26:00','24 Hour fitness @ Tamarac',NULL,NULL,'test flash','2008-03-13 01:26:00',NULL,NULL,NULL,NULL),(25,0,1,NULL,'spin class, lunges, ab machine','2008-03-14 06:43:00','24 Hour Fitness @Tamarac',NULL,NULL,'spin class','2008-03-14 05:24:00',NULL,NULL,NULL,NULL),(26,0,1,NULL,'rode bike from home to Colorado blvd and back','2008-03-15 12:12:00','Denver',NULL,NULL,'bike ride around town','2008-03-15 09:12:00',NULL,NULL,NULL,NULL),(27,0,1,NULL,'1 hour spin + light weight workout','2008-03-19 07:09:00','24 Hour Fitness @Tamarac',NULL,NULL,'spin class','2008-03-19 05:30:00',NULL,NULL,NULL,NULL),(28,0,1,155,'10. 5 miles. Parked at High School, rode down Holly, got on path to Highline canal path on to CMC','2008-03-19 07:33:00','centennial highline canal',NULL,NULL,'commute to work','2008-03-19 12:28:00',NULL,NULL,NULL,NULL),(29,0,1,NULL,'Rode up Holly to Orchard, through Westland Park, up Monoco to Quincy. Then east on quincy to Princeton and then Tamarac home. ','2008-03-21 15:49:00','CMC to Home',NULL,NULL,'commute from work','2008-03-22 07:49:00',NULL,NULL,NULL,NULL),(30,0,1,NULL,'Rode with Aidan to village. I pulled the trailer empty. We got to the Village, and then loaded up Luka and rode back. We wen the Dam road trail both ways. Aidan did great!','2008-03-22 07:57:00','RT: Home to Village ',NULL,NULL,'Biked to Village to get Luka','2008-03-22 07:57:00',NULL,NULL,NULL,NULL),(31,0,1,NULL,'test','2008-03-25 21:56:00','home',NULL,NULL,'test last updated workout','2008-03-25 21:56:00',NULL,NULL,NULL,NULL),(43,0,1,NULL,'Skied with Aidan from 10-2. Awesome snow and snowing the whole day. The whole family went and Luka too a ski lesson. We drove up at 7 and got there at 9:30 cuz we stopped at VI. On the way home we had little traffic. Awesome day','2008-04-06 19:54:00','Copper Mt. Colorado',NULL,NULL,'skied at Copper mt','2008-04-06 19:54:00',NULL,NULL,NULL,NULL),(33,0,1,NULL,'went to the Golden Community Rec center. Kids & Mom swam. I kicked footbag, ran, assisted dip, bench press','2008-03-30 18:09:00','Golden Colorado',NULL,NULL,'Golden Rec Center w Gordons','2008-03-30 18:09:00',NULL,NULL,NULL,NULL),(34,0,1,NULL,'Click here to enter description','2008-04-01 17:22:00','test',NULL,NULL,'test update workout ref','2008-04-01 17:22:00',NULL,NULL,NULL,NULL),(35,0,1,NULL,'1 hour spin + warm down','2008-04-02 11:02:00','24 Hour Fitness @Tamarac',NULL,NULL,'spin class','2008-04-02 11:02:00',NULL,NULL,NULL,NULL),(36,0,1,NULL,'OMG: ab stuff on decline board, lunges (not walking), cable upper body, pushups with arm up in the air thing, rubber band thing, then pull weight up to belly.','2008-04-02 08:04:00','24 Hour Fitness @Tamarac',NULL,NULL,'trainer workout','2008-04-02 07:04:00',NULL,NULL,NULL,NULL),(37,0,1,NULL,'Jon M and I took about 15 mins','2008-04-02 14:50:00','Comcast CMC Parking lot',NULL,NULL,'afternoon footbag session','2008-04-02 14:50:00',NULL,NULL,NULL,NULL),(39,0,1,150,'Rode along Belleview to Holly and then South to Dry Creek, west to CMC','2008-04-04 09:15:00','Centennial',NULL,NULL,'rode from the Village to CMC','2008-04-04 07:33:00',6,NULL,NULL,NULL),(42,0,1,NULL,'Return trip from Work to Village','2008-04-05 21:23:00','centennial',NULL,NULL,'Rode from CMC to Village','2008-04-05 21:23:00',NULL,NULL,NULL,NULL),(41,0,1,NULL,'sat morning brought both kids, saw Brad. Lunges (two different ones), cable fly/pushups w hand wave thing, assisted dips, bench row w rubber band back thing, ab decline board. ','2008-04-05 21:15:00','24 Hour fitness @ Tamarac',NULL,NULL,'gym workout','2008-04-05 21:15:00',NULL,NULL,NULL,NULL),(44,0,1,NULL,'Rode bikes a little. Aidan rode his new bike, I pulled luka in trailer. Mostly hung at the play area. I did footbag session.','2008-04-05 14:11:00','Washington Park, Denver, CO',NULL,NULL,'Played at Wash Park','2008-04-06 20:11:00',NULL,NULL,NULL,NULL),(45,0,1,NULL,'decline ab workout (2 diff ones), toes together bendover touch the ground but up-down, hack squat, ball dumbell press, ball cable pull down hands up, curl against the purple bar then out, ','2008-04-09 05:05:00','24 Hour fitness @ Tamarac',NULL,NULL,'trainer workout','2008-04-09 05:50:00',NULL,NULL,NULL,NULL),(46,0,1,NULL,'wrestled with him downstairs','2008-04-10 21:52:00','home',NULL,NULL,'play with Luka','2008-04-10 21:52:00',NULL,NULL,NULL,NULL),(47,1,1,NULL,'Aidan rode and I pulled Luka in trailer. 10.3 miles','2008-04-13 20:58:00','Denver',NULL,NULL,'rode bikes to Science Museum','2008-04-13 15:58:00',20,NULL,NULL,NULL),(48,0,1,153,'Rode along Platte to Lee Gulch and then followed some bike paths to Dry creek and then to CMC','2008-04-14 13:47:00','Englewood/Centennial',191,NULL,'Rode bike back from Discount Tire','2008-04-14 12:47:00',9,NULL,NULL,NULL),(49,0,1,NULL,'Rode back to tire shop. About 6 miles.','2008-04-14 21:45:00','Englewood/Centennial',NULL,NULL,'cmc to Discount Tire','2008-04-14 21:45:00',NULL,NULL,NULL,NULL),(50,0,1,157,'via neighborhood behind Village, to Orchard, down Holly, through \'hood N of CMC','2008-04-15 08:07:00','Greenwood Village/Centennial',177,NULL,'Village to CMC','2008-04-15 07:43:00',6,NULL,NULL,NULL),(51,0,1,156,'Rode to Chatfield and back. Met up with Dave Diller','2008-04-15 14:06:00','Centennial',NULL,NULL,'CMC to Chatfield RT','2008-04-15 14:06:00',20,NULL,NULL,NULL),(52,0,1,150,'via Holly, Orchard, DTC','2008-04-15 19:52:00','Centennial/Greenwood Village',NULL,NULL,'CMC to Village','2008-04-15 19:52:00',6,NULL,NULL,NULL),(53,3,1,NULL,'vertical intervals: bike, lunges, dumbell stuff (4 or 5 diff ones), abs. Killer','2008-04-16 06:37:00','24 Hour fitness @ Tamarac',NULL,NULL,'trainer interval workout','2008-04-16 06:37:00',NULL,'http://www.youtube.com/v/fhXdSo-8nQw&hl=en',1,NULL),(54,1,1,NULL,'test','2008-04-18 07:36:00','home',NULL,NULL,'test date time start end','2008-04-18 06:36:00',NULL,NULL,NULL,NULL),(63,1,1,155,'Direct, but pretty inefficient route. ended up on the sidewalk alot.','2008-04-23 10:01:00','Greenwood Village/Centennial',165,NULL,'Commute from Village to CMC direct','2008-04-23 08:01:00',6.43,NULL,18,NULL),(56,4,1,157,'Village to CMC','2008-04-18 08:39:00','Denver to Centennial',178,NULL,'commute to work','2008-04-18 08:10:00',7,NULL,14,NULL),(57,3,1,NULL,'CMC to Village via circuituous route.','2008-04-18 15:45:00','centennial highline canal',NULL,NULL,'Commute to Village from work','2008-04-18 14:45:00',14.4,NULL,13,NULL),(58,3,1,NULL,'Left work early so I rode the Highline Canal trail to Quincy, stopped at MicroCenter, and then through Cherry Creek High School to the Village.','2008-04-18 21:17:00','Centennial/Greenwood Village',NULL,NULL,'ride to the Village from CMC','2008-04-18 20:17:00',14,NULL,13,NULL),(59,2,13,NULL,'through the portal','2008-04-20 09:57:00','His crib',NULL,NULL,'Mike Rockin','2008-04-20 08:57:00',NULL,'http://www.youtube.com/v/PzJpyvvQiCI&hl=en',NULL,NULL),(60,1,1,142,'Bike commute from Home to CMC via Tamarac, Rosemary Way, Princeton, Quincy, Holly. Dry Creek.','2008-04-21 09:30:00','Greenwood Village/Centennial',165,NULL,'commute to work','2008-04-21 08:11:00',8,NULL,17,NULL),(61,4,1,NULL,'Was taking a new route via Dexter Way. got a flat just before Belleview.','2008-04-22 01:05:00','Greenwood Village/Centennial',NULL,NULL,'aborted commute home from CMC','2008-04-22 00:05:00',NULL,NULL,1,NULL),(62,2,1,NULL,'Dropped Luka off, got all rigged up, discovered I had a flat on the rear tire. Yesterday it was the front tire. ','2008-04-22 09:55:00','Greenwood Village/Centennial',NULL,NULL,'aborted commute to work','2008-04-22 08:55:00',0,NULL,1,NULL),(64,1,1,NULL,'up Dexter to Orchard. Then East to DTC and Village','2008-04-23 23:20:00','Greenwood Village/Centennial',NULL,NULL,'CMC to Village','2008-04-23 22:20:00',NULL,NULL,NULL,NULL),(65,2,1,NULL,'Sucks. Riding along Belleview is a nightmare. 8.04 miles ','2008-04-24 05:06:00','Centennial/GreenwoodVillage',NULL,NULL,'commute CMC to Village via Dexter/Belleview','2008-04-24 17:06:00',8.04,NULL,19,NULL),(66,1,1,NULL,'Click here to enter description','2008-04-27 08:45:00','home',NULL,NULL,'test end date','2008-04-27 07:45:00',NULL,NULL,NULL,NULL),(67,9,1,143,'about 50 miles ','2008-04-27 12:29:00','denver/morrison',NULL,NULL,'ride to redrocks and back','2008-04-27 12:29:00',50,'http://www.youtube.com/v/gbJh5CagyNA&hl=en',21,245),(68,0,1,NULL,'Parked car at Orchard and rode short path along Colorado Blvd to CMC','2008-04-29 16:39:00','Centennial',NULL,NULL,'commute to work from Orchard lot','2008-04-29 16:39:00',2,NULL,NULL,20),(69,0,1,NULL,'CMC to Orchard Parking lot via HLC','2008-04-29 23:25:00','Centennial',NULL,NULL,'commute from work','2008-04-29 23:25:00',6.3,NULL,NULL,30),(70,0,1,NULL,'Parked car at stable on Orchard, and rode HLC to Orchard, then took Colorado Blvd shortcut.','2008-04-30 09:51:00','centennial highline canal',NULL,NULL,'commute to work','2008-04-30 09:51:00',NULL,NULL,NULL,30),(71,0,1,NULL,'Parked car at stable on Orchard, and rode HLC to Orchard, then took Colorado Blvd shortcut.','2008-04-30 18:54:00','centennial highline canal',NULL,NULL,'commute back to car','2008-04-30 18:54:00',NULL,NULL,NULL,NULL),(72,0,1,NULL,'Also did Parmalee trail. rode with sam harsh','2008-05-04 16:48:00','Jeffco',NULL,NULL,'mt bike mt falcon','2008-05-04 16:48:00',NULL,NULL,NULL,120),(73,1,1,NULL,'CMC to sunset to Platte, to 470 to County Line to Clarkson to Dry Crek to CMC','2008-05-06 15:35:00','Centennial',NULL,NULL,'Lunchtime ride: CMC to sunset to Platte, south to 470, back to CMC','2008-05-06 15:35:00',NULL,NULL,1,90),(74,1,1,NULL,'Pulled Luka to school, and then rode to work via Orchard, Holly','2008-05-09 08:35:00','Greenwood Village/Centennial',NULL,NULL,'pulled Luka to School, rode to work','2008-05-09 08:35:00',12,NULL,24,58),(75,0,1,154,'CMC to Village direct, then rode around Cherry Creek res. Stopped at Bicycle Village','2008-05-09 16:47:00','Greenwood Village/Centennial',181,NULL,'CMC to Village, Cherry Creek Res to home','2008-05-09 16:47:00',16,NULL,NULL,68),(76,0,1,NULL,'Parked at Library at Holly & Orchard, rode orchard to CMC','2008-05-08 08:04:00','centennial',NULL,NULL,'Commute to CMC','2008-05-08 08:04:00',5,NULL,NULL,20),(77,0,1,NULL,'rode back to car parked at the library at Holly & Orchard','2008-05-08 18:16:00','centennial',NULL,NULL,'CMC back to car','2008-05-08 18:16:00',5,NULL,NULL,30),(78,0,1,NULL,'rode with Aidan and pulled Luka from home to Wash park','2008-05-11 11:33:00','Denver',NULL,NULL,'pulled luka to Wash Park','2008-05-11 11:33:00',NULL,NULL,NULL,60),(79,1,1,NULL,'Return trip from Wash park','2008-05-11 15:34:00','Denver',NULL,NULL,'pulled Luka home from Wash Park','2008-05-11 15:34:00',10,NULL,22,60),(80,1,1,NULL,'down DTC to Orchard, Holly CMC','2008-05-12 08:30:00','Denver',NULL,NULL,'Village to CMC direct via Orchard','2008-05-12 08:30:00',6.43,NULL,18,30),(81,1,1,158,'Village, backstreet to DTC, Orchard, Holly, neighborhood, CMC','2008-05-21 08:05:00','Greenwood Village/Centennial',178,NULL,'Village to CMC direct via Orchard','2008-05-21 08:05:00',6.1,NULL,26,25),(82,1,1,NULL,'Click here to enter description','2008-05-22 17:28:00','Denver',NULL,NULL,'pulled Luka to school','2008-05-22 17:28:00',5,NULL,27,30),(83,1,1,158,'dtc orchard, holly','2008-05-22 22:09:00','Greenwood Village/Centennial',180,NULL,'village to cmc','2008-05-22 22:09:00',6.43,NULL,26,25),(84,1,1,NULL,'via highline canal. Got a flat and had Jay pick up Luka at school.','2008-05-21 23:47:00','Centennial/Denver',NULL,NULL,'cmc to Jay Martin\'s house','2008-05-21 23:47:00',14.5,NULL,28,NULL),(85,0,1,NULL,'home to ACE to Wells Fargo to Safeway','2008-05-24 11:38:00','Denver',NULL,NULL,'rode around doing errends','2008-05-24 11:38:00',4,NULL,NULL,90),(86,0,1,NULL,'sessioned while waiting for my plane','2008-05-29 07:38:00','DIA Airport',NULL,NULL,'hacky sack session in airport','2008-05-29 07:38:00',NULL,NULL,NULL,60),(87,2,1,160,'Started at the top of China Creek Road., Parked rode down the creek bed. Crashed and broke my GPS. David neeeds to buy me one for Uncles\'s day. ','2008-06-01 15:12:00','CHina Creek, NC',180,NULL,'China Creek with David V','2008-06-01 15:12:00',4,NULL,29,60),(88,1,1,NULL,'From home along HLC to CMC. Took a couple shortcuts but followed the HLC route.','2008-06-03 08:26:00','Denver/Centennial',NULL,NULL,'commute to work long  path along HLC','2008-06-03 08:26:00',20,NULL,1,70),(89,5,1,NULL,'commute CMC to Village direct along Holly, Orchard, DTC. Then Pulled Luka home around the Cherry Creek Res','2008-06-03 17:52:00','Centennial/Greenwood Village',NULL,NULL,'commute from CMC to Village,  to Home around CC Res','2008-06-03 17:52:00',15.93,NULL,23,30),(90,2,1,NULL,'Village Orchard, Holly, CMC','2008-06-04 09:50:00','Greenwood Village/Centennial',NULL,NULL,'commute Village to CMC','2008-06-04 09:50:00',6.34,NULL,26,25),(91,3,1,NULL,'CMC Holly, Orchard, Village','2008-06-04 19:30:00','Centennial/GreenwoodVillage',NULL,NULL,'commute CMC to Village','2008-06-04 19:30:00',6.3,NULL,1,30),(92,0,1,NULL,'Village to CMC via Orchard, Holly.','2008-06-06 06:31:00','Greenwood Village/Centennial',NULL,NULL,'Commute from Village to Home via CC Res pulling Luka','2008-06-06 06:31:00',NULL,NULL,NULL,NULL),(93,0,1,146,'Pulled from Home to Village via 225 bike path','2008-06-06 07:38:00','Denver/Greenwood Village',188,NULL,'Pulled Luka from Home to Village','2008-06-06 07:38:00',5.51,NULL,NULL,30),(94,0,1,143,'Village to CMC via Orchard, Holly','2008-06-06 08:41:00','Greenwood Village/Centennial',168,NULL,'Commute from Village to CMC','2008-06-06 08:41:00',6.25,NULL,NULL,28),(95,1,1,NULL,'Rode from CMC up Holly, Orchard to Village. Then rode through the Cherry Creek Res with Luka in tow. Luka and I took out time and walked a bit. Beautiful Friday evening. ','2008-06-06 22:58:00','Centennial/Greenwood Village/Denver',NULL,NULL,'commute CMC to Village, then home via CC Res','2008-06-06 22:58:00',16,NULL,23,190),(96,5,1,NULL,'parked at Slaven Elementary and rode down the Platte to C470 to Kipling and then up Deer Creek. ','2008-06-08 14:50:00','Deer Creek',NULL,NULL,'Rode up Deer Creek canyon and back','2008-06-08 14:50:00',52,NULL,30,223),(97,1,1,NULL,'1 mile. Each lap is 0.5miles','2008-06-09 15:01:00','Comcast CMC',NULL,NULL,'2 laps around CMC','2008-06-09 15:01:00',NULL,NULL,25,NULL),(98,1,1,146,'Rode from CMC up Sunset route to Platte, REI, CC to home.','2008-06-09 22:30:00','Denver',176,NULL,'Commute CMC to Home via Platte, CC trail','2008-06-09 22:30:00',27,NULL,31,98),(99,1,1,NULL,'direct via Orchard, Holly','2008-06-09 08:43:00','Greenwood Village/Centennial',NULL,NULL,'Commute from Village to CMC ','2008-06-09 08:43:00',6.3,NULL,18,30),(100,1,1,NULL,'most direct from home','2008-06-10 09:16:00','Denver/Centennial',NULL,NULL,'Commute Home to CMC via Tamarac, Quincy, Holly','2008-06-10 09:16:00',8.5,NULL,17,35),(101,1,1,NULL,'.5 miles after lunch','2008-06-10 14:58:00','Comcast CMC',NULL,NULL,'walked around CMC','2008-06-10 14:58:00',0.5,NULL,25,10),(102,5,1,161,'Rode to the Gazebo, did ab crunches and pushups, then rode Parmalee Trail and back down. The duration below is just from the parking lot to the Gazebo. Modified.','2008-06-11 05:42:00','Mt Falcon Jeffco',180,NULL,'Mt Falcon Dawn Patrol','2008-06-11 05:42:00',2.6,NULL,32,45),(103,0,1,NULL,'Home Tamarac Quincy Holly','2008-06-16 08:42:00','Denver/Centennial',NULL,NULL,'comute Home to CMC ','2008-06-16 08:42:00',8.3,NULL,NULL,30),(104,0,1,145,'Parked car at The Great Indoors, rode through CCRes up CC Trail to REI, Down Platte, shortcutted at Little Dry Creek back to car','2008-06-17 06:13:00','Jeffco',185,NULL,'Cappuccino Loop CC','2008-06-17 06:13:00',49,NULL,NULL,1200),(105,1,1,136,'Was doing a big loop, but took a turn North at Twin Forks instead of the South Turn back to Deer Creek. ','2008-06-17 06:21:00','Jeffco',171,NULL,'HighGrade with Wrong turn at Twin Forks','2008-06-17 06:21:00',43,NULL,35,1200),(106,0,1,NULL,'tamarac, Quincy, Holly','2008-06-16 09:31:00','Denver/Centennial',NULL,NULL,'commute home to CMC','2008-06-16 09:31:00',8.3,NULL,NULL,NULL),(107,0,1,NULL,'holly, Orchard, DTC','2008-06-17 18:33:00','Centennial/Greenwood Village',NULL,NULL,'commute CMC to Village','2008-06-17 18:33:00',6.3,NULL,NULL,NULL),(108,0,1,NULL,'Pulled them along 225 bike path and stopped at Bicycle village','2008-06-20 05:34:00','Greenwood Village/Denver',NULL,NULL,'Pulled both boys in trailer from Village to home','2008-06-20 05:34:00',NULL,NULL,NULL,3600),(109,1,1,147,'Rode up to Red Mesa and did two CW loops, then CCW around Plymouth Mt and down to the parking lot.','2008-06-18 07:59:00','Jeffco',176,NULL,'Deer Creek Red Mesa Double, Plymouth Mt','2008-06-18 07:59:00',11.46,NULL,37,110),(110,0,1,NULL,'two workouts in one: Pulled the kids via the 225 bike path to the Village, then rode a new route to the CMC (see map)','2008-06-22 19:54:00','Denver/Centennial',NULL,NULL,'commute to work, pulled kids to school','2008-06-22 19:54:00',12,NULL,NULL,3600),(111,0,1,NULL,'Pulled both kids in the bike trailer along 225 bike path to village','2008-06-21 14:41:00','Denver/Centennial',NULL,NULL,'Commute home to Village: pulled kids to school','2008-06-21 14:41:00',5.5,NULL,NULL,1900),(112,0,1,NULL,'complicated route (see map)','2008-06-21 15:16:00','Greenwood Village/Centennial',NULL,NULL,'Commute Village to work via S. Yosemite route','2008-06-21 15:16:00',6.67,NULL,NULL,1900),(113,1,1,NULL,'Rode with Aidan. Luka in trailer','2008-06-22 17:24:00','Denver',NULL,NULL,'Home to CC Res Beach pulling trailer','2008-06-22 17:24:00',NULL,NULL,42,35),(114,0,1,NULL,'Rode to Bicycle Village to return a tire, and got spokes, handlebar tape. Rode around CC Res and took the 225 path, but rode across the light rail bridge as a shortcut. ','2008-06-25 01:06:00','Denver',NULL,NULL,'running errends and rode around CC Res','2008-06-25 01:06:00',NULL,NULL,NULL,3600),(115,0,1,NULL,'took a wrong turn at S. Uinta and S. Tamarac. Should have turned north at E Costilla just past S. Tamarac. ','2008-06-23 08:25:00','Denver/Centennial',NULL,NULL,'Comute to work-S. Yosemite, got lost','2008-06-23 08:25:00',8.47,NULL,NULL,30),(116,0,1,NULL,'Tried a new route. East on Orchard and north on Yosemite. Didn\'t like it. Too much stinky traffic. Nor shorter','2008-06-23 06:44:00','Centennial/Denver',NULL,NULL,'commute home from CMC-orchard yosemite','2008-06-23 06:44:00',8.7,NULL,NULL,30),(117,1,1,NULL,'Rode up, did one Red Mesa Loop, Plymout Mt. Down. Rode with Don Sims','2008-06-28 07:09:00','Jeffco',NULL,NULL,'Deer Creek Red Mesa Loop, Plymouth Mt','2008-06-28 07:09:00',NULL,NULL,37,4000),(118,0,1,NULL,'Rode along 470 Trail to Kipling and then rode up to the base of HighGrade. Decided not to ride up it because my bike was having mechanical issues and I wanted to take it to Bicycle Village before the closed. ','2008-06-29 02:35:00','Jeffco',NULL,NULL,'Rode from CMC to HighGrade','2008-06-29 02:35:00',NULL,NULL,NULL,5400),(119,0,1,NULL,'Rode from Front Range Community College to Ft Collins','2008-06-28 05:52:00','Boulder/Ft. Collins',NULL,NULL,'MS150 Day 1','2008-06-28 05:52:00',75,NULL,NULL,NULL),(120,0,1,NULL,'Rode from Ft. Collins back to Front Range Community College','2008-06-29 08:30:00','Ft. Collins/Boulder',NULL,NULL,'MS150 Day 2','2008-06-29 08:30:00',75,NULL,NULL,NULL),(121,0,1,NULL,'S. Yosemite','2008-06-30 07:42:00','Denver/Centennial',NULL,NULL,'Commute to work','2008-06-30 07:42:00',8.7,NULL,NULL,45),(122,0,1,NULL,'Took long path along HLC 22 miles','2008-06-30 05:59:00','Centennial/Denver',NULL,NULL,'Commute CMC to Home via HLC','2008-06-30 05:59:00',22,NULL,NULL,NULL),(123,0,1,NULL,'via Tamarac, Quincy, S Quincy. Took a weird route that didn\'t work out well. ','2008-07-01 10:40:00','Denver/Centennial',NULL,NULL,'home to cmc','2008-07-01 10:40:00',8.47,NULL,NULL,48),(124,0,1,NULL,'did the reverse S. Yosemite route. Rode by Fiddlers green and saw that Stevie Wonder was playing. Also rode by the DTC place where the have music every Tuesday during the summer. ','2008-07-01 22:36:00','Centennial/Greenwood Village',NULL,NULL,'CMC to Home via Englewood Dam','2008-07-01 22:36:00',NULL,NULL,NULL,60),(125,1,1,NULL,'40 miles. Up Deer Creek and Highgrade, Conifer, Aspen Park, right at N Turkey Creek, right at Twin Forks, left at the firestation to return on Deer Creek','2008-07-02 19:45:00','Jeffco/Conifer',NULL,NULL,'HighGrade loop','2008-07-02 19:45:00',40,NULL,43,180),(126,0,1,NULL,'Normal Tamarac, Quincy, Holly route','2008-07-03 08:21:00','Denver/Centennial',NULL,NULL,'commute to work via Quincy, Holly','2008-07-03 08:21:00',8.47,NULL,NULL,35),(127,2,1,NULL,'Rode from Bergan Park to Echo Lake and then up Mt Evans. Made it as far as Mile 8 before had to turn back because of a wicked hail storm.','2008-07-06 18:35:00','Mt Evans Colorado',NULL,NULL,'Bergan to Mt Evans Summit (mile 8 of 14)','2008-07-06 18:35:00',NULL,NULL,44,NULL),(128,1,1,NULL,'Tamarac, Quincy, Holly','2008-07-08 08:12:00','Denver/Centennial',NULL,NULL,'commute home to CMC','2008-07-08 08:12:00',8.43,NULL,17,43),(129,1,1,132,'Rode from Evergreen to Avon. 120 miles over Squaw, Loveland and Vail Passes. 9:48','2008-08-05 18:05:00','Evergeen/Avon',190,NULL,'Triple Bypass 2008','2008-08-05 18:05:00',120,NULL,46,35280),(130,0,1,NULL,'Stopped at Whole foods','2008-07-14 21:29:00','Centennial/Denver',NULL,NULL,'rode home from work','2008-07-14 21:29:00',8.5,NULL,NULL,40),(131,0,1,NULL,'rode up with Mike Liu','2008-07-16 19:05:00','Jeffco',NULL,NULL,'Deer Creek Highgrade','2008-07-16 19:05:00',27,NULL,NULL,120),(132,0,1,NULL,'Home to Quincy HLC trail to CMC','2008-07-18 16:24:00','Denver/Centennial',NULL,NULL,'Commute to work Quincy HLC','2008-07-18 16:24:00',14.34,NULL,NULL,3420),(133,0,1,NULL,'showt upper body','2008-10-04 22:32:00','24HF at Tamarac',NULL,NULL,'late sat night at the gym','2008-10-04 22:32:00',NULL,NULL,NULL,NULL),(134,0,1,NULL,'Click here to enter description','2008-10-04 21:49:00','home',NULL,NULL,'test add','2008-10-04 21:49:00',NULL,NULL,NULL,NULL),(135,6,1,NULL,'situps, assisted dip machine, bench press machine','2008-10-05 16:30:00','24HF at Tamarac',NULL,NULL,'short gym workout','2008-10-05 12:30:00',NULL,NULL,1,NULL),(136,0,1,NULL,'ab machine','2008-10-05 16:42:00','24 HF at Uhills',NULL,NULL,'short gym workout','2008-10-05 16:42:00',NULL,NULL,NULL,NULL),(137,0,1,NULL,'Village to CMC via S. Yosemite->Peakview->S. Syracuse Way->Spruce St.->Costilla Ave->Englewood Dam->Holly-Dry Creek->CMC','2008-10-06 08:57:00','Greenwood Village/Centennial',NULL,NULL,'Commute Village to work via S. Yosemite route','2008-10-06 08:57:00',6.43,NULL,NULL,25),(138,4,1,NULL,'ab machine @100X2, assisted dips, bench machine','2008-10-06 22:41:00','24 Hour Fitness @ Tamarac',NULL,NULL,'late night at gym','2008-10-06 22:41:00',NULL,NULL,NULL,60),(139,1,1,NULL,'via S Yosemite, Costilla route','2008-10-06 22:09:00','Centennial/Greenwood Village',NULL,NULL,'Commute from CMC to Village','2008-10-06 22:09:00',6.43,NULL,NULL,25),(140,3,1,NULL,'via 225 RTD Bridge then via Yosemite ','2008-10-06 23:47:00','Greenwood Village/Denver',NULL,NULL,'bike commute Village to Home and back','2008-10-06 23:47:00',3.43,NULL,1,NULL),(141,1,1,NULL,'via S. Yosemite, Costilla, etc','2008-10-07 10:41:00','Greenwood Village/Centennial',NULL,NULL,'bike commute from Village to CMC','2008-10-07 10:41:00',6.43,NULL,NULL,27),(142,1,1,NULL,'via S. Yosemite, etc','2008-10-08 08:52:00','GreenWood Village/Centennial',NULL,NULL,'commute Village to CMC','2008-10-08 08:52:00',6.43,NULL,NULL,25),(143,1,1,NULL,'via S. Yosemite etc','2008-10-08 18:38:00','Centennial/Denver',NULL,NULL,'commute CMC to Village','2008-10-08 18:38:00',6.43,NULL,NULL,25),(144,2,1,NULL,'Took the Holly, Quincy route','2008-10-09 13:51:00','Denver/Centennial',NULL,NULL,'Rode home to CMC','2008-10-09 13:51:00',8.6,NULL,1,30),(145,0,1,NULL,'Took long way home via REI. Had to stop by to pick up my lock. Took Sunset Platte route to RI, then CC path home. ','2008-10-10 04:56:00','Centennial/Denver',NULL,NULL,'CMC to REI to Home','2008-10-10 04:56:00',NULL,NULL,NULL,120),(146,3,1,NULL,'upper body and killer lunges','2008-10-09 09:49:00','24 Hour Fitness @Tamarac',NULL,NULL,'morning gym workout','2008-10-09 09:49:00',NULL,NULL,NULL,60),(147,0,1,NULL,'S Yos route. ','2008-10-15 23:50:00','GreenWood Village/Centennial',NULL,NULL,'Village to Work','2008-10-15 23:50:00',6.4,NULL,NULL,27),(148,0,1,NULL,'rode home','2008-10-16 00:24:00','Centennial/Denver',NULL,NULL,'CMC to Village','2008-10-16 00:24:00',6.4,NULL,NULL,NULL),(149,0,1,NULL,'s yosemite route','2008-10-16 22:57:00','GreenWood Village/Centennial',NULL,NULL,'bike commute village to cmc','2008-10-16 22:57:00',NULL,NULL,NULL,NULL),(150,0,1,NULL,'situps, assisted dip machine, bench press machine','2008-10-16 21:58:00','24HF at Tamarac',NULL,NULL,'Gym workout','2008-10-16 21:58:00',NULL,NULL,NULL,NULL),(151,1,1,NULL,'via S. Yosemite, Costilla, etc','2008-10-30 08:54:00','Greenwood Village/Centennial',NULL,NULL,'Commute Village to work via S. Yosemite route','2008-10-30 08:54:00',6.43,NULL,NULL,27),(152,2,1,NULL,'Click here to enter description','2008-10-29 08:00:00','Greenwood Village/Centennial',NULL,NULL,'Commute Village to work via S. Yosemite route','2008-10-29 08:00:00',6.67,NULL,1,27),(153,2,1,NULL,'CMC to Village via circuituous route.','2008-10-30 14:13:00','Centennial/Greenwood Village',NULL,NULL,'commute cmc to village','2008-10-30 17:13:00',6.67,NULL,1,29),(154,1,1,NULL,'s. yosemite/costilla','2008-10-28 08:24:00','Greenwood Village/Centennial',NULL,NULL,'Commute Village to work via S. Yosemite route','2008-10-28 08:24:00',6.67,NULL,NULL,27),(155,1,1,NULL,'CMC to Village via circuituous route.','2008-10-30 17:27:00','Centennial/Greenwood Village',NULL,NULL,'commute cmc to village','2008-10-30 17:27:00',6.67,NULL,NULL,27),(156,1,1,NULL,'S. Yosemite, costilla, etc','2008-10-30 19:03:00','Centennial/Denver',NULL,NULL,'commute CMC to Village','2008-10-30 19:03:00',6.43,NULL,NULL,36),(157,2,1,NULL,'dropped off luka and car, rode to work via S. Yosemite route.','2008-11-06 12:01:00','Greenwood Village/Centennial',NULL,NULL,'Commute Village to work via S. Yosemite route','2008-11-06 12:01:00',6.43,NULL,1,27),(158,1,1,NULL,'Village to CMC, via S. Yosemite route','2008-11-25 11:45:00','Greenwood Village/Centennial',NULL,NULL,'bike commute to work','2008-11-25 11:45:00',6.43,NULL,NULL,25),(159,1,1,NULL,'pummeled Aidan, and neighbor kids','2008-11-30 10:05:00','Denver',NULL,NULL,'snowball fight with kids','2008-11-30 10:05:00',NULL,NULL,NULL,60),(160,3,1,NULL,'situps, assisted dips, etc','2008-12-06 12:39:00','24 Hour Fitness @Tamarac',NULL,NULL,'workout at gym','2008-12-06 12:39:00',NULL,NULL,NULL,60),(161,1,1,NULL,'home to ace, to gym, to Target, to McDaniel\'s, home','2008-12-06 18:40:00','denver',NULL,NULL,'rode bike on errends','2008-12-06 18:40:00',NULL,NULL,NULL,120),(162,2,1,NULL,'in Pueblo','2008-12-06 11:13:00','Pueblo',NULL,NULL,'Rock Canyon Half marothon','2008-12-06 11:13:00',13.1,NULL,NULL,85),(163,2,1,NULL,'at work did 50 on ball','2008-12-10 20:01:00','CMC',NULL,NULL,'situps','2008-12-10 14:01:00',NULL,NULL,1,5),(164,2,1,NULL,'Solo\'d it ','2008-12-26 13:02:00','Stone Mt. Georgia',NULL,NULL,'Climbed Stone Mt. ','2008-12-26 13:02:00',NULL,NULL,1,60),(165,2,1,NULL,'Went with Todd and the boys. (and Alexis). I forgot the lunch bag so climbed back up to retreive it. ','2008-12-25 13:03:00','Stone Mt. Georgia',NULL,NULL,'Climbed Stone Mt. ','2008-12-25 13:03:00',NULL,NULL,1,120),(171,4,1,NULL,'jog around the gym and dribble a basket ball. Keep HR up around 160','2009-01-20 15:30:00','24 Hour Fitness @Tamarac',NULL,NULL,'workout at gym','2009-01-20 06:30:00',NULL,NULL,1,NULL),(167,4,1,NULL,'hacky sack, basketball, situps. Early morning then went home, took luka to school. On to work. ','2009-01-06 07:52:00','24 Hour Fitness @Tamarac',NULL,NULL,'morning at gym','2009-01-06 07:52:00',NULL,NULL,NULL,60),(168,2,1,152,'1 hour spin class','2009-01-08 19:50:00','24HF at Tamarac',187,NULL,'spin class','2009-01-08 19:50:00',NULL,NULL,1,54),(169,5,1,NULL,'Ran around the gym dribbling basketball and listening to IOT podcast.','2009-01-13 06:35:00','24 Hour fitness @ Tamarac',NULL,NULL,'Early morning workout','2009-01-13 06:35:00',NULL,NULL,NULL,45),(170,2,1,NULL,'situps, assisted dips, etc','2009-01-14 07:28:00','24 Hour Fitness @Tamarac',NULL,NULL,'morning at gym','2009-01-14 07:28:00',NULL,NULL,NULL,30),(172,1,1,NULL,'Rode up with Alex and Martry. Ski\'d till noon. Awesome snow!! Like a foot of fresh. ','2009-01-25 11:57:00','Winter Park, Colorado',NULL,NULL,'Ski day at Winter Park','2009-01-25 11:57:00',NULL,NULL,NULL,300),(173,1,1,NULL,'5:30am spin','2009-03-02 06:30:00','24HF at Tamarac',NULL,NULL,'spin class','2009-03-02 06:30:00',NULL,NULL,NULL,60),(174,1,1,NULL,'Chain problems at Syracuse and Arapahoe','2009-02-03 08:29:00','Greenwood Village/Centennial',NULL,NULL,'rode to work','2009-02-03 08:29:00',NULL,NULL,NULL,30),(175,1,1,NULL,'Scott T dropped me off to get my chain fixed, and I then rode to the DOSG meeting. Then I rode to the car at the village.','2009-02-03 19:46:00','GreenWood Village/Centennial',NULL,NULL,'rode from Performance bike to DOSG','2009-02-03 19:46:00',NULL,NULL,NULL,NULL),(176,2,1,NULL,'snow was windblown and stiff. ','2009-02-05 15:13:00','Loveland',NULL,NULL,'skied at Loveland with Ken Jacobs','2009-02-05 15:13:00',NULL,NULL,1,2400),(177,1,1,NULL,'skied all day. Stayed Fri, Sat nights. Left sunday. Skied saturday long time. ','2009-02-07 14:47:00','Winter Park, Colorado',NULL,NULL,'skied at Winter Park with Aidan, Alex and Marty','2009-02-07 14:47:00',NULL,NULL,NULL,300),(178,1,1,NULL,'Jog/dribble basket ball','2009-02-09 07:37:00','24 Hour Fitness @ Tamarac',NULL,NULL,'AM workout at gym','2009-02-09 07:37:00',NULL,NULL,NULL,NULL),(179,1,1,NULL,'jog/dribble b-ball','2009-02-20 07:41:00','24 Hour Fitness @ Tamarac',NULL,NULL,'gym workout in am','2009-02-20 07:41:00',NULL,NULL,NULL,60),(180,1,1,NULL,'Went to barns and noble to have coffee and work on stuff. ','2009-02-22 15:34:00','Denver',NULL,NULL,'rode to Barnes and Noble','2009-02-22 15:34:00',NULL,NULL,NULL,30),(181,1,1,NULL,'Took Highline canal there, Yale back. Returned the NiteRider Sol.','2009-02-22 15:01:00','Denver',NULL,NULL,'Rode to Performance bike','2009-02-22 15:01:00',NULL,NULL,NULL,60),(182,1,1,NULL,'60 minutes. ','2009-02-23 06:30:00','24 Hour Fitness @ Tamarac',NULL,NULL,'Morning Spin class','2009-02-23 06:30:00',NULL,NULL,NULL,60),(183,2,1,NULL,'Dropped Luka off and rode S. Yosemite route','2009-02-23 08:33:00','Greenwood Village/Centennial',NULL,NULL,'Commute Village to CMC','2009-02-23 08:33:00',7,NULL,NULL,30),(184,1,1,NULL,'Englewood dam, S yosemite route','2009-02-23 17:13:00','Centennial/Greenwood Village',NULL,NULL,'commute CMC to village','2009-02-23 17:13:00',6.43,NULL,NULL,30),(185,1,1,NULL,'Click here to enter description','2009-02-24 08:18:00','Greenwood Village/Centennial',NULL,NULL,'Commute Village to CMC','2009-02-24 08:18:00',6.43,NULL,NULL,30),(186,1,1,NULL,'No spin class. Just hacky sack in the gym','2009-02-25 07:02:00','24 Hour Fitness @ Tamarac',NULL,NULL,'Morning at gym','2009-02-25 07:02:00',NULL,NULL,NULL,60),(187,1,1,NULL,'New route follows S. Yosemite all the way home.','2009-02-25 18:36:00','Centennial/Denver',NULL,NULL,'Rode CMC to Home via S. Yosemite','2009-02-25 18:36:00',8.5,NULL,NULL,38),(188,1,1,NULL,'jog/dribble b-ball','2009-03-09 06:04:00','24 Hour Fitness @ Tamarac',NULL,NULL,'morning at gym','2009-03-09 06:04:00',NULL,NULL,NULL,NULL),(189,0,1,NULL,'via S. Yosemite, Englewood Dam route','2009-03-09 07:33:00','Greenwood Village/Centennial',NULL,NULL,'Commute Village to CMC','2009-03-09 07:33:00',6.43,NULL,NULL,30),(190,1,1,NULL,'Dropped Luka off and pared at Arapahoe Park and Ride so I can go to the DJUG meeting via Light Rail','2009-03-11 08:46:00','Englewood',NULL,NULL,'commute from Arapahoe Park and Ride ','2009-03-11 08:46:00',NULL,NULL,NULL,30),(191,2,1,NULL,'took the train to Tivoli for DJUG','2009-03-12 07:48:00','Englewood',NULL,NULL,'CMC to Arapahoe Light Rail','2009-03-11 17:48:00',NULL,NULL,1,20),(192,1,1,NULL,'Rode back from DJUG at tivilo. Long, very cold ride. 15 miles, about 30 degrees.','2009-03-11 20:38:00','Denver',NULL,NULL,'Tivoli to Arapahoe Light Rail','2009-03-11 20:38:00',15,NULL,NULL,68),(193,1,1,NULL,'jog/dribble b-ball','2009-03-16 07:23:00','24 Hour Fitness @ Tamarac',NULL,NULL,'Morning at gym','2009-03-16 07:23:00',NULL,NULL,NULL,45),(194,1,1,NULL,'Fairly chilly, not bad','2009-03-16 09:07:00','Greenwood Village/Centennial',NULL,NULL,'Commute Village to CMC','2009-03-16 09:07:00',6.43,NULL,NULL,29),(195,1,1,NULL,'Beatiful warm afternoon.','2009-03-16 17:54:00','Centennial/Denver',NULL,NULL,'commute CMC to village','2009-03-16 17:54:00',NULL,NULL,NULL,29),(196,1,1,NULL,'nice afternoon','2009-03-17 17:56:00','Centennial/Greenwood Village',NULL,NULL,'Commute CMC to Village via Englewood Dam, S. Yosemite','2009-03-17 17:56:00',NULL,NULL,NULL,28),(197,1,1,NULL,'Took the ski train with Aidan and his schoolmate\'s (parents in tow) and skied in the sun all day. Awesome.','2009-03-19 12:31:00','Winter Park, Colorado',NULL,NULL,'WP Ski Train and day of Spring Skiing','2009-03-19 12:31:00',NULL,NULL,NULL,300),(198,1,1,NULL,'hacky sack in gym','2009-03-23 06:19:00','24 Hour Fitness @ Tamarac',NULL,NULL,'morning at gym','2009-03-23 06:19:00',NULL,NULL,NULL,60),(199,4,1,NULL,'60 minutes. Instructor was Rachel','2009-03-25 06:30:00','24 Hour Fitness @ Tamarac',NULL,NULL,'Morning Spin class','2009-03-25 06:30:00',NULL,NULL,NULL,60),(200,1,1,NULL,'Whole family helped!','2009-03-27 09:18:00','Denver',NULL,NULL,'Shoveled driveway, walk','2009-03-27 09:18:00',NULL,NULL,NULL,45),(201,1,1,NULL,'via S. Yosemite, Englewood Dam route','2009-03-31 07:54:00','Greenwood Village/Centennial',NULL,NULL,'Commute Village to CMC','2009-03-31 07:54:00',NULL,NULL,NULL,20),(202,1,1,NULL,'Via Holly to Quincy, Rosemary, Tamarac, etc','2009-03-31 16:38:00','Centennial/Denver',NULL,NULL,'Commute CMC to Home','2009-03-31 16:38:00',NULL,NULL,NULL,45),(203,1,1,NULL,'Rode From Home to Village to get car','2009-03-31 16:50:00','Denver/Greenwood Village',NULL,NULL,'Home to Village','2009-03-31 16:50:00',4,NULL,NULL,20),(204,3,1,NULL,'instructor was Megan','2009-04-01 06:30:00','24 Hour Fitness @ Tamarac',NULL,NULL,'Morning Spin class','2009-04-01 06:30:00',NULL,NULL,NULL,60),(205,0,1,NULL,'short workout: sittups, and assisted dips','2009-04-05 18:30:00','24 Hour Fitness @ Tamarac',NULL,NULL,'Sunday at the gym','2009-04-05 18:30:00',NULL,NULL,NULL,NULL),(206,1,1,NULL,'Parked at Arapahoe RTD park and ride so I can take the train to Auraria Campus for DJUG meeting.','2009-04-08 08:33:00','Greenwood Village/Centennial',NULL,NULL,'commute Arapahoe RTD to work','2009-04-08 08:33:00',NULL,NULL,NULL,25),(207,2,1,NULL,'Rode From Home to Village via RTD bridge pulling Luka. Dropped off trailer, rode to CMC via S. Yosemite. ','2009-04-10 08:58:00','Denver/Greenwood Village/Centenial',NULL,NULL,'Bike Commute luka to school, on to CMC','2009-04-10 08:58:00',8,NULL,NULL,45),(208,3,1,NULL,'Rode from CMC to Fox and Hound. Left the Fox and hound and rode home vi HLC. Nice evening. ','2009-04-10 18:27:00','denver',NULL,NULL,'bike commut CMC to home','2009-04-10 18:27:00',NULL,NULL,NULL,80),(209,0,1,NULL,'60 mins of sweat','2009-04-13 06:28:00','24 Hour Fitness @ Tamarac',NULL,NULL,'morning spin class','2009-04-13 06:28:00',NULL,NULL,NULL,55),(210,0,1,NULL,'Pulled Luka in trailer','2009-04-14 09:52:00','Denver/Greenwood Village',NULL,NULL,'Commute Home to Village','2009-04-14 09:52:00',NULL,NULL,NULL,NULL),(211,0,1,NULL,'Beautiful evening. A bit windy but going my way. Nice','2009-04-14 19:05:00','Cherry Creek Res',NULL,NULL,'Village to Home via Reservior pulling Luka','2009-04-14 19:05:00',NULL,NULL,NULL,60),(212,0,1,NULL,'via RTD 225 bridge','2009-04-15 15:30:00','Denver/Greenwood Village',NULL,NULL,'Pulled Luka to School','2009-04-15 15:30:00',NULL,NULL,NULL,25),(213,1,1,NULL,'via S. Yosemite, Englewood Dam route','2009-04-15 15:44:00','Greenwood Village/Centennial',NULL,NULL,'Commute Village to CMC via S. Yosemite','2009-04-15 15:44:00',NULL,NULL,14,39),(214,0,1,NULL,'to pick up Luka and ride home through Park','2009-04-15 17:57:00','Centennial/Greenwood Village',NULL,NULL,'Commute CMC to Village via Englewood Dam, S. Yosemite','2009-04-15 17:57:00',NULL,NULL,NULL,NULL),(215,0,1,NULL,'Beautiful evening. A bit windy but going my way. Nice','2009-04-15 19:57:00','Greenwood Village/Denver',NULL,NULL,'Commute Village home via Cherry Creek Res pulling Luka','2009-04-15 19:57:00',NULL,NULL,NULL,NULL),(216,1,1,NULL,'instructor was Rob','2009-04-17 06:36:00','24 Hour Fitness @ Tamarac',NULL,NULL,'Morning Spin class','2009-04-17 06:36:00',NULL,NULL,NULL,60),(217,1,1,NULL,'Big wet heavy snowfall. Shoveled the whole driveway, and a path up the walk.','2009-04-18 11:16:00','Denver',NULL,NULL,'Shoveled driveway, walk','2009-04-18 11:16:00',NULL,NULL,NULL,60),(218,1,1,NULL,'Greek easter ','2009-04-20 14:49:00','Denver',NULL,NULL,'Rode home from Dascalos','2009-04-20 14:49:00',16.5,NULL,NULL,NULL),(219,1,1,NULL,'Pulled Luka in trailer over RTD 225 bridge','2009-04-21 09:10:00','Denver/Greenwood Village',NULL,NULL,'Pulled Luka to School','2009-04-21 09:10:00',3,NULL,NULL,20),(220,2,1,NULL,'Fricking muddy at Englewood dam. Got stuck in the mud and caked my bike. Had to hose it down at work and remove fenders, etc. \nvia S. Yosemite, Englewood Dam route','2009-04-21 09:07:00','Greenwood Village/Denver',NULL,NULL,'Commute Village to CMC via S. Yosemite','2009-04-21 09:07:00',NULL,NULL,NULL,30),(221,1,1,NULL,'Rode up Holly to S Homestead to avoid Englewood Dam this time. Too muddy. \nLots of construction on this route, so maybe go Holly to Belleview or Orchard in future. ','2009-04-21 22:52:00','Cent',NULL,NULL,'Commute CMC to Village via Englewood Dam, S. Yosemite','2009-04-21 22:52:00',NULL,NULL,NULL,NULL),(222,1,1,NULL,'via RTD 225 bridge','2009-04-22 08:00:00','Denver/Greenwood Village',NULL,NULL,'Pulled Luka to School','2009-04-22 08:00:00',NULL,NULL,NULL,25),(223,2,1,NULL,'fricking construction send me on an alternate route. ','2009-04-22 09:35:00','Greenwood Village/Centennial',NULL,NULL,'Commute Village to CMC vi S. Yosemite','2009-04-22 09:35:00',NULL,NULL,1,30),(224,0,1,NULL,'60 minutes. Rob is instructor','2009-04-24 06:08:00','24 Hour Fitness @ Tamarac',NULL,NULL,'morning spin class','2009-04-24 06:08:00',NULL,NULL,NULL,60),(225,1,1,NULL,'Pulled Luka in trailer over RTD 225 bridge and then rode on to work','2009-04-24 09:18:00','Denver/Greenwood Village/Centennial',NULL,NULL,'Commute to work Pulling Luka to school first','2009-04-24 09:18:00',NULL,NULL,NULL,70),(226,0,1,NULL,'Rode with Scott Thomas. Showed him the route','2009-04-24 19:51:00','Centennial/Greenwood Village',NULL,NULL,'Commute CMC to Village via Englewood Dam, S. Yosemite, then home via 225r RTD bridge','2009-04-24 19:51:00',NULL,NULL,NULL,60),(227,0,1,NULL,'whort sleeves and shorts','2009-04-29 08:19:00','Denver/Greenwood Village/Centennial',NULL,NULL,'Commute home to Village pulling Luka then to CMC via S Yosemite','2009-04-29 08:19:00',NULL,NULL,NULL,55),(228,0,1,NULL,'Up colorado, through Preserve neighborhood, HLC, Dahlia, HLC home','2009-04-29 18:23:00','Centennial/Denver',NULL,NULL,'Commute CMC Home via Colorado, HLC, Dahlia, HLC','2009-04-29 18:23:00',NULL,NULL,NULL,56),(229,3,1,NULL,'Rob\'s Satanic Rock Spin class','2009-05-01 06:56:00','24 Hour Fitness @ Tamarac',NULL,NULL,'Morning spin Class','2009-05-01 06:56:00',NULL,NULL,NULL,60),(230,2,1,154,'40 miles up to REI, Down to Big Dry Creek, Highline Canal to Gym. Awesome day. ','2009-05-03 18:13:00','Denver',173,NULL,'40 miles up to REI, Down to Big Dry Creek, Highline Canal to Gym','2009-05-03 18:13:00',39.18,NULL,1,154),(231,1,1,151,'From Village along Orchard to Highline canal the on to CMC. Nice morning','2009-05-04 07:58:00','Denver',171,NULL,'Commute Village to CMC via Orchard, HLC','2009-05-04 07:58:00',11.31,NULL,1,45),(232,0,1,149,'Nice weather. Uploaded data to Garmin Connect','2009-05-04 16:16:00','Centennial/Greenwood Village',170,NULL,'Commute CMC to Village via Englewood Dam S. Yosemite','2009-05-04 16:16:00',6.19,NULL,NULL,27),(233,0,1,NULL,'Home to village via RTD 225 Bridge, then to CMC via S. yosemite, Syracuse, Englewood Dam route','2009-05-06 09:04:00','Denver/Greenwood Village',NULL,NULL,'Commute Home to Village pulling Luka and then on to CMC','2009-05-06 09:04:00',NULL,NULL,NULL,50),(234,1,1,136,'Awesome day. Stopped at the waterfall with luka. ','2009-05-06 19:05:00','Centennial/Denver',NULL,NULL,'commute CMC to Village then around res pulling luka','2009-05-06 19:05:00',16.38,NULL,1,81),(235,0,1,NULL,'via RTD 225 bridge and S. Yosemite','2009-05-07 08:40:00','Denver/Greenwood Village',NULL,NULL,'Commute pulling Luka to School, then to work','2009-05-07 08:40:00',NULL,NULL,NULL,50),(236,2,1,133,'Then after the res we stopped at the waterfall','2009-05-07 20:18:00','Centennial/Denver',170,NULL,'commute CMC to Village then around res pulling luka','2009-05-07 20:18:00',16.27,NULL,NULL,80),(237,1,1,128,'1 hour. Rob was instructor','2009-05-08 06:30:00','24 Hour Fitness @ Tamarac',161,NULL,'Morning Spin class','2009-05-08 06:30:00',NULL,NULL,NULL,60);
/*!40000 ALTER TABLE `workout` ENABLE KEYS */;
UNLOCK TABLES;

--
-- Table structure for table `workout_telemetry_data`
--

DROP TABLE IF EXISTS `workout_telemetry_data`;
SET @saved_cs_client     = @@character_set_client;
SET character_set_client = utf8;
CREATE TABLE `workout_telemetry_data` (
  `id` bigint(20) NOT NULL auto_increment,
  `version` bigint(20) NOT NULL,
  `file_name` varchar(255) NOT NULL,
  `workout_id` bigint(20) NOT NULL,
  PRIMARY KEY  (`id`),
  KEY `FK2841EE52B882287A` (`workout_id`)
) ENGINE=MyISAM DEFAULT CHARSET=latin1;
SET character_set_client = @saved_cs_client;

--
-- Dumping data for table `workout_telemetry_data`
--

LOCK TABLES `workout_telemetry_data` WRITE;
/*!40000 ALTER TABLE `workout_telemetry_data` DISABLE KEYS */;
/*!40000 ALTER TABLE `workout_telemetry_data` ENABLE KEYS */;
UNLOCK TABLES;
/*!40103 SET TIME_ZONE=@OLD_TIME_ZONE */;

/*!40101 SET SQL_MODE=@OLD_SQL_MODE */;
/*!40014 SET FOREIGN_KEY_CHECKS=@OLD_FOREIGN_KEY_CHECKS */;
/*!40014 SET UNIQUE_CHECKS=@OLD_UNIQUE_CHECKS */;
/*!40101 SET CHARACTER_SET_CLIENT=@OLD_CHARACTER_SET_CLIENT */;
/*!40101 SET CHARACTER_SET_RESULTS=@OLD_CHARACTER_SET_RESULTS */;
/*!40101 SET COLLATION_CONNECTION=@OLD_COLLATION_CONNECTION */;
/*!40111 SET SQL_NOTES=@OLD_SQL_NOTES */;

-- Dump completed on 2009-05-12 17:28:15
